NaN,NaN,1
NaN,NaN,1
0.29004,452.72,0
0.29004,452.72,1
0.29004,452.72,1
