NaN,NaN,1
0.29443,532.84,0
0.29443,532.84,0
0.29443,532.84,1
