NaN,NaN,1
0.28735,586.74,0
0.28735,586.74,1
0.28735,586.74,1
0.28735,586.74,1
0.28735,586.74,1
