NaN,NaN,1
0.72949,774.43,0
0.72949,774.43,1
0.72949,774.43,1
0.72949,774.43,1
0.72949,774.43,1
0.72949,774.43,1
0.72949,774.43,1
0.72949,774.43,1
