NaN,NaN,1
0.41675,1180.9,0
0.41675,1180.9,1
0.41675,1180.9,1
0.41675,1180.9,1
0.41675,1180.9,1
0.41675,1180.9,1
0.41675,1180.9,1
0.41675,1180.9,1
