NaN,NaN,1
0.14905,671.78,0
0.14905,671.78,1
