NaN,NaN,1
NaN,NaN,1
0.31738,23638,0
0.31738,23638,1
0.31738,23638,1
0.31738,23638,1
0.31738,23638,1
0.31738,23638,1
