NaN,NaN,1
NaN,NaN,1
0.53906,10363,0
0.53906,10363,1
0.53906,10363,1
0.53906,10363,1
