NaN,NaN,1
0.32129,163.87,0
0.32129,163.87,1
0.32129,163.87,1
