NaN,NaN,1
NaN,NaN,1
NaN,NaN,1
0.49609,542.71,0
0.49609,542.71,1
0.49609,542.71,1
0.49609,542.71,1
