NaN,NaN,1
NaN,NaN,1
0.57324,2873.1,0
0.57324,2873.1,1
0.57324,2873.1,1
0.57324,2873.1,1
0.57324,2873.1,1
0.57324,2873.1,1
0.57324,2873.1,1
