NaN,NaN,1
0.70068,2233,0
0.70068,2233,1
