NaN,NaN,1
NaN,NaN,1
NaN,NaN,1
0.78076,524.35,0
0.78076,524.35,1
0.78076,524.35,1
0.78076,524.35,1
0.78076,524.35,1
0.78076,524.35,1
0.78076,524.35,1
0.69971,909.27,0
0.69971,909.27,1
0.69971,909.27,1
0.69971,909.27,1
0.69971,909.27,1
0.69971,909.27,1
