NaN,NaN,1
NaN,NaN,1
NaN,NaN,1
0.36938,1451.4,0
0.36938,1451.4,1
0.36938,1451.4,1
0.36938,1451.4,1
0.36938,1451.4,1
0.36938,1451.4,1
0.36938,1451.4,1
0.36938,1451.4,1
0.36938,1451.4,1
0.36938,1451.4,1
0.36938,1451.4,1
