NaN,NaN,1
NaN,NaN,1
0.90527,601.74,0
0.90527,601.74,1
0.81299,774.43,0
0.81299,774.43,1
0.81299,774.43,1
0.81299,774.43,1
0.81299,774.43,1
0.81299,774.43,1
0.81299,774.43,1
0.81299,774.43,1
0.81299,774.43,1
0.81299,774.43,1
0.81299,774.43,1
0.81299,774.43,1
0.81299,774.43,1
0.81299,774.43,1
0.81299,774.43,1
0.81299,774.43,1
0.81299,774.43,1
0.81299,774.43,1
0.81299,774.43,1
0.81299,774.43,1
0.81299,774.43,1
