NaN,NaN,1
0.73389,2142.8,0
0.73389,2142.8,1
0.73389,2142.8,1
0.73389,2142.8,1
0.73389,2142.8,1
0.34302,332.81,0
0.34302,332.81,1
