NaN,NaN,1
0.37085,293.97,0
0.37085,293.97,1
