NaN,NaN,1
NaN,NaN,1
NaN,NaN,1
NaN,NaN,1
NaN,NaN,1
NaN,NaN,1
NaN,NaN,1
NaN,NaN,1
NaN,NaN,1
NaN,NaN,1
NaN,NaN,1
NaN,NaN,1
0.28052,3049.5,0
0.28052,3049.5,1
0.28052,3049.5,1
0.28052,3049.5,1
0.28052,3049.5,1
0.28052,3049.5,1
