NaN,NaN,1
NaN,NaN,1
NaN,NaN,1
NaN,NaN,1
NaN,NaN,1
NaN,NaN,1
NaN,NaN,1
NaN,NaN,1
NaN,NaN,1
0.45874,3148.9,0
0.45874,3148.9,1
0.45874,3148.9,1
0.45874,3148.9,1
0.45874,3148.9,1
0.45874,3148.9,1
0.45874,3148.9,1
0.45874,3148.9,1
0.45874,3148.9,1
0.45874,3148.9,1
