NaN,NaN,1
0.52734,2233,0
0.52734,2233,1
0.52734,2233,1
0.52734,2233,1
0.52734,2233,1
