NaN,NaN,1
NaN,NaN,1
0.85547,732.96,0
0.85547,732.96,1
0.85547,732.96,1
0.85547,732.96,1
