NaN,NaN,1
0.41968,8129.1,0
0.41968,8129.1,1
