NaN,NaN,1
NaN,NaN,1
NaN,NaN,1
NaN,NaN,1
NaN,NaN,1
NaN,NaN,1
NaN,NaN,1
NaN,NaN,1
NaN,NaN,1
NaN,NaN,1
0.53418,627.1,0
0.53418,627.1,1
0.53418,627.1,1
0.53418,627.1,1
0.53418,627.1,1
0.53418,627.1,1
0.53418,627.1,1
0.53418,627.1,1
0.53418,627.1,1
