NaN,NaN,1
NaN,NaN,1
NaN,NaN,1
NaN,NaN,1
0.8291,4522.3,0
0.8291,4522.3,1
0.8291,4522.3,1
0.8291,4522.3,1
0.8291,4522.3,1
0.8291,4522.3,1
0.8291,4522.3,1
0.8291,4522.3,1
0.8291,4522.3,1
0.8291,4522.3,1
0.8291,4522.3,1
0.81494,13579,0
0.81494,13579,1
0.81494,13579,1
0.81494,13579,1
