NaN,NaN,1
0.64453,1743.5,0
0.64453,1743.5,1
0.64453,1743.5,1
0.64453,1743.5,1
0.64453,1743.5,1
0.64453,1743.5,1
0.64453,1743.5,1
0.64453,1743.5,1
0.64453,1743.5,1
0.64453,1743.5,1
0.64453,1743.5,1
0.64453,1743.5,1
0.64453,1743.5,1
0.64453,1743.5,1
0.64453,1743.5,1
0.64453,1743.5,1
0.64453,1743.5,1
0.64453,1743.5,1
0.64453,1743.5,1
0.64453,1743.5,1
0.64453,1743.5,1
0.64453,1743.5,1
