NaN,NaN,1
0.89648,5557.7,0
0.89648,5557.7,1
