NaN,NaN,1
0.32104,5212.5,0
0.32104,5212.5,1
0.32104,5212.5,1
0.32104,5212.5,1
0.32104,5212.5,1
0.32104,5212.5,1
0.32104,5212.5,1
