NaN,NaN,1
0.19531,214.04,0
0.19531,214.04,1
0.19531,214.04,1
0.19531,214.04,1
0.19531,214.04,1
0.19531,214.04,1
0.19531,214.04,1
0.19531,214.04,1
0.19531,214.04,1
0.19531,214.04,1
0.19531,214.04,1
0.19531,214.04,1
0.19531,214.04,1
0.19531,214.04,1
0.19531,214.04,1
0.19531,214.04,1
0.19531,214.04,1
0.19531,214.04,1
0.19531,214.04,1
0.19531,214.04,1
0.19531,214.04,1
0.19531,214.04,1
0.19531,214.04,1
