NaN,NaN,1
0.68945,16842,0
0.68945,16842,1
0.68945,16842,1
0.68945,16842,1
0.68945,16842,1
0.68945,16842,1
0.68945,16842,1
0.68945,16842,1
