NaN,NaN,1
NaN,NaN,1
NaN,NaN,1
0.93799,1612.8,0
0.93799,1612.8,1
0.93799,1612.8,1
0.93799,1612.8,1
0.93799,1612.8,1
0.93799,1612.8,1
0.93799,1612.8,1
0.93799,1612.8,1
0.93799,1612.8,1
