NaN,NaN,1
0.082764,537.75,0
0.082764,537.75,1
