NaN,NaN,1
NaN,NaN,1
NaN,NaN,1
0.48486,3662.9,0
0.48486,3662.9,1
