NaN,NaN,1
0.66064,7052.8,0
0.66064,7052.8,1
