NaN,NaN,1
NaN,NaN,1
NaN,NaN,1
NaN,NaN,1
NaN,NaN,1
NaN,NaN,1
NaN,NaN,1
NaN,NaN,1
NaN,NaN,1
0.17798,1067.6,0
0.17798,1067.6,1
0.17798,1067.6,1
0.17798,1067.6,1
0.17798,1067.6,1
0.17798,1067.6,1
0.17798,1067.6,1
0.17798,1067.6,1
0.17798,1067.6,1
0.17798,1067.6,1
0.17798,1067.6,1
0.17798,1067.6,1
0.17798,1067.6,1
0.17798,1067.6,1
0.17798,1067.6,1
0.17798,1067.6,1
0.17798,1067.6,1
0.17798,1067.6,1
0.17798,1067.6,1
