NaN,NaN,1
NaN,NaN,1
0.61865,6830.2,0
0.61865,6830.2,1
0.61865,6830.2,1
0.61865,6830.2,1
0.61865,6830.2,1
0.61865,6830.2,1
0.61865,6830.2,1
