NaN,NaN,1
NaN,NaN,1
NaN,NaN,1
0.52002,644.61,0
0.52002,644.61,1
0.52002,644.61,1
0.52002,644.61,1
0.52002,644.61,1
