NaN,NaN,1
0.31665,551.5,0
0.31665,551.5,1
0.31665,551.5,1
