NaN,NaN,1
NaN,NaN,1
NaN,NaN,1
0.67041,389.06,0
0.67041,389.06,1
0.67041,389.06,1
0.67041,389.06,1
