NaN,NaN,1
0.12427,235.21,0
0.12427,235.21,1
0.12427,235.21,1
