NaN,NaN,1
NaN,NaN,1
NaN,NaN,1
NaN,NaN,1
0.25464,1399.1,0
0.25464,1399.1,1
0.25464,1399.1,1
0.25464,1399.1,1
0.25464,1399.1,1
0.25464,1399.1,1
