NaN,NaN,1
0.19507,121.97,0
0.19507,121.97,1
0.19507,121.97,1
