NaN,NaN,1
0.56836,2860,0
0.56836,2860,1
0.56836,2860,1
0.56836,2860,1
0.56836,2860,1
0.56836,2860,1
0.56836,2860,1
