NaN,NaN,1
NaN,NaN,1
0.50146,9990.2,0
0.50146,9990.2,1
0.50146,9990.2,1
0.50146,9990.2,1
0.50146,9990.2,1
0.50146,9990.2,1
0.55615,3049.5,0
