NaN,NaN,1
NaN,NaN,1
0.44116,180.41,0
0.44116,180.41,1
