NaN,NaN,1
NaN,NaN,1
NaN,NaN,1
NaN,NaN,1
NaN,NaN,1
0.80811,9326.8,0
0.80811,9326.8,1
0.80811,9326.8,1
0.80811,9326.8,1
0.80811,9326.8,1
