NaN,NaN,1
0.29321,185.57,0
0.29321,185.57,1
0.29321,185.57,1
0.29321,185.57,1
0.29321,185.57,1
0.29321,185.57,1
0.29321,185.57,1
0.29321,185.57,1
0.29321,185.57,1
0.29321,185.57,1
0.29321,185.57,1
0.29321,185.57,1
0.29321,185.57,1
0.29321,185.57,1
0.29321,185.57,1
0.29321,185.57,1
0.29321,185.57,1
0.29321,185.57,1
0.29321,185.57,1
0.29321,185.57,1
0.29321,185.57,1
0.29321,185.57,1
0.29321,185.57,1
0.29321,185.57,1
NaN,NaN,1
NaN,NaN,1
