NaN,NaN,1
NaN,NaN,1
0.10132,342.11,0
0.10132,342.11,1
0.10132,342.11,1
0.10132,342.11,1
0.10132,342.11,1
0.10132,342.11,1
0.10132,342.11,1
0.10132,342.11,1
0.10132,342.11,1
0.10132,342.11,1
0.10132,342.11,1
0.10132,342.11,1
0.10132,342.11,1
0.10132,342.11,1
0.10132,342.11,1
0.10132,342.11,1
0.10132,342.11,1
0.10132,342.11,1
0.10132,342.11,1
