NaN,NaN,1
NaN,NaN,1
NaN,NaN,1
NaN,NaN,1
0.10211,131.93,0
0.10211,131.93,1
0.10211,131.93,1
0.10211,131.93,1
