NaN,NaN,1
0.15112,196.57,0
0.15112,196.57,1
0.15112,196.57,1
0.15112,196.57,1
