NaN,NaN,1
NaN,NaN,1
NaN,NaN,1
NaN,NaN,1
NaN,NaN,1
NaN,NaN,1
NaN,NaN,1
0.36499,1154.1,0
0.36499,1154.1,1
0.36499,1154.1,1
0.36499,1154.1,1
0.36499,1154.1,1
0.36499,1154.1,1
0.36499,1154.1,1
0.36499,1154.1,1
0.36499,1154.1,1
0.36499,1154.1,1
0.36499,1154.1,1
0.36499,1154.1,1
0.36499,1154.1,1
0.36499,1154.1,1
0.36499,1154.1,1
0.36499,1154.1,1
0.36499,1154.1,1
0.36499,1154.1,1
0.36499,1154.1,1
0.36499,1154.1,1
