NaN,NaN,1
NaN,NaN,1
0.17651,546.46,0
0.17651,546.46,1
0.17651,546.46,1
0.17651,546.46,1
0.17651,546.46,1
