NaN,NaN,1
NaN,NaN,1
0.52051,1342.6,0
0.52051,1342.6,1
0.52051,1342.6,1
0.52051,1342.6,1
