NaN,NaN,1
NaN,NaN,1
NaN,NaN,1
NaN,NaN,1
NaN,NaN,1
0.56982,358.19,0
0.56982,358.19,1
0.56982,358.19,1
0.56982,358.19,1
0.56982,358.19,1
0.56982,358.19,1
