NaN,NaN,1
NaN,NaN,1
0.95557,4669.7,0
0.95557,4669.7,1
0.95557,4669.7,1
0.95557,4669.7,1
0.95557,4669.7,1
