NaN,NaN,1
NaN,NaN,1
0.098999,137.85,0
0.098999,137.85,1
0.098999,137.85,1
0.098999,137.85,1
0.098999,137.85,1
0.098999,137.85,1
0.098999,137.85,1
0.098999,137.85,1
0.098999,137.85,1
0.098999,137.85,1
0.098999,137.85,1
0.098999,137.85,1
0.098999,137.85,1
0.098999,137.85,1
0.098999,137.85,1
0.098999,137.85,1
0.098999,137.85,1
