NaN,NaN,1
0.67627,7659.1,0
0.67627,7659.1,1
0.67627,7659.1,1
0.67627,7659.1,1
0.67627,7659.1,1
