NaN,NaN,1
NaN,NaN,1
NaN,NaN,1
0.63037,2103.9,0
0.63037,2103.9,1
