NaN,NaN,1
NaN,NaN,1
0.80811,469.65,0
0.80811,469.65,1
0.80811,469.65,1
0.80811,469.65,1
0.80811,469.65,1
0.80811,469.65,1
