NaN,NaN,1
0.63184,163.11,0
0.63184,163.11,1
0.63184,163.11,1
0.63184,163.11,1
0.63184,163.11,1
0.63184,163.11,1
