NaN,NaN,1
NaN,NaN,1
0.52979,326,0
0.52979,326,1
0.52979,326,1
0.52979,326,1
0.52979,326,1
0.52979,326,1
