NaN,NaN,1
NaN,NaN,1
0.85327,1445.1,0
0.85327,1445.1,1
0.85327,1445.1,1
0.85327,1445.1,1
0.85327,1445.1,1
0.85327,1445.1,1
0.85327,1445.1,1
