NaN,NaN,1
0.084839,146.7,0
0.084839,146.7,1
0.084839,146.7,1
