NaN,NaN,1
NaN,NaN,1
NaN,NaN,1
0.37939,142.04,0
0.37939,142.04,1
0.37939,142.04,1
0.37939,142.04,1
