NaN,NaN,1
NaN,NaN,1
0.84619,4014.4,0
0.84619,4014.4,1
0.84619,4014.4,1
0.84619,4014.4,1
0.84619,4014.4,1
0.84619,4014.4,1
