NaN,NaN,1
NaN,NaN,1
NaN,NaN,1
NaN,NaN,1
NaN,NaN,1
NaN,NaN,1
NaN,NaN,1
NaN,NaN,1
NaN,NaN,1
NaN,NaN,1
NaN,NaN,1
NaN,NaN,1
NaN,NaN,1
NaN,NaN,1
NaN,NaN,1
0.76025,7659.1,0
0.76025,7659.1,1
0.76025,7659.1,1
0.76025,7659.1,1
0.76025,7659.1,1
0.76025,7659.1,1
0.76025,7659.1,1
