NaN,NaN,1
0.54346,3996.1,0
0.54346,3996.1,1
0.54346,3996.1,1
0.54346,3996.1,1
