NaN,NaN,1
NaN,NaN,1
0.41162,418.73,0
0.41162,418.73,1
0.41162,418.73,1
0.41162,418.73,1
0.41162,418.73,1
