NaN,NaN,1
NaN,NaN,1
NaN,NaN,1
NaN,NaN,1
0.24292,111.47,0
0.24292,111.47,1
0.24292,111.47,1
