NaN,NaN,1
NaN,NaN,1
NaN,NaN,1
NaN,NaN,1
NaN,NaN,1
NaN,NaN,1
NaN,NaN,1
0.36426,13894,0
0.36426,13894,1
0.36426,13894,1
0.36426,13894,1
0.36426,13894,1
0.36426,13894,1
0.36426,13894,1
