NaN,NaN,1
NaN,NaN,1
0.53662,460.05,0
0.53662,460.05,1
0.53662,460.05,1
0.53662,460.05,1
0.53662,460.05,1
0.53662,460.05,1
