NaN,NaN,1
0.26563,1043.4,0
0.26563,1043.4,1
0.26563,1043.4,1
0.26563,1043.4,1
0.26563,1043.4,1
0.26563,1043.4,1
0.26563,1043.4,1
0.26563,1043.4,1
0.26563,1043.4,1
0.26563,1043.4,1
0.26563,1043.4,1
0.26563,1043.4,1
0.26563,1043.4,1
0.26563,1043.4,1
0.26563,1043.4,1
0.26563,1043.4,1
0.26563,1043.4,1
0.26563,1043.4,1
0.26563,1043.4,1
0.26563,1043.4,1
0.26563,1043.4,1
0.26563,1043.4,1
