NaN,NaN,1
0.33057,278.2,0
0.33057,278.2,1
0.33057,278.2,1
0.33057,278.2,1
0.33057,278.2,1
