NaN,NaN,1
0.72803,9764,0
0.72803,9764,1
0.72803,9764,1
0.72803,9764,1
0.72803,9764,1
0.72803,9764,1
0.72803,9764,1
