NaN,NaN,1
NaN,NaN,1
0.31738,310.64,0
0.31738,310.64,1
0.31738,310.64,1
0.31738,310.64,1
0.31738,310.64,1
0.31738,310.64,1
0.31738,310.64,1
0.31738,310.64,1
0.31738,310.64,1
0.31738,310.64,1
0.31738,310.64,1
0.31738,310.64,1
0.31738,310.64,1
0.31738,310.64,1
0.31738,310.64,1
