NaN,NaN,1
0.61426,9326.8,0
0.61426,9326.8,1
0.61426,9326.8,1
