NaN,NaN,1
NaN,NaN,1
NaN,NaN,1
0.89697,2094.3,0
0.89697,2094.3,1
0.89697,2094.3,1
0.89697,2094.3,1
0.89697,2094.3,1
