NaN,NaN,1
0.80859,1792.1,0
0.80859,1792.1,1
0.80859,1792.1,1
