NaN,NaN,1
NaN,NaN,1
0.13171,130.42,0
0.13171,130.42,1
0.13171,130.42,1
0.13171,130.42,1
0.13171,130.42,1
0.13171,130.42,1
