NaN,NaN,1
0.21399,921.87,0
0.21399,921.87,1
0.21399,921.87,1
0.21399,921.87,1
0.21399,921.87,1
0.21399,921.87,1
0.21399,921.87,1
0.21399,921.87,1
