NaN,NaN,1
0.71924,1033.8,0
0.71924,1033.8,1
0.71924,1033.8,1
