NaN,NaN,1
0.41626,844.94,0
0.41626,844.94,1
0.41626,844.94,1
