NaN,NaN,1
0.32056,4088.7,0
0.32056,4088.7,1
0.32056,4088.7,1
0.32056,4088.7,1
0.32056,4088.7,1
