NaN,NaN,1
NaN,NaN,1
NaN,NaN,1
NaN,NaN,1
0.095459,1067.6,0
0.095459,1067.6,1
0.095459,1067.6,1
