NaN,NaN,1
0.66016,1392.7,0
0.66016,1392.7,1
0.66016,1392.7,1
