NaN,NaN,1
0.19934,1213.8,0
0.19934,1213.8,1
0.19934,1213.8,1
0.19934,1213.8,1
0.19934,1213.8,1
0.19934,1213.8,1
0.19934,1213.8,1
