NaN,NaN,1
0.55811,537.75,0
0.55811,537.75,1
0.55811,537.75,1
0.55811,537.75,1
0.55811,537.75,1
0.55811,537.75,1
0.55811,537.75,1
0.55811,537.75,1
0.55811,537.75,1
0.55811,537.75,1
0.55811,537.75,1
0.55811,537.75,1
0.55811,537.75,1
0.55811,537.75,1
0.55811,537.75,1
0.55811,537.75,1
0.55811,537.75,1
0.55811,537.75,1
0.55811,537.75,1
0.55811,537.75,1
0.55811,537.75,1
0.55811,537.75,1
0.55811,537.75,1
0.55811,537.75,1
NaN,NaN,1
