NaN,NaN,1
NaN,NaN,1
NaN,NaN,1
0.30347,236.29,0
0.30347,236.29,1
0.30347,236.29,1
