NaN,NaN,1
0.32715,467.5,0
0.32715,467.5,1
