NaN,NaN,1
NaN,NaN,1
NaN,NaN,1
NaN,NaN,1
NaN,NaN,1
NaN,NaN,1
0.76611,2359.3,0
0.76611,2359.3,1
0.76611,2359.3,1
0.76611,2359.3,1
0.76611,2359.3,1
