NaN,NaN,1
NaN,NaN,1
NaN,NaN,1
0.31567,296.69,0
0.31567,296.69,1
0.31567,296.69,1
