NaN,NaN,1
0.91309,592.15,0
0.91309,592.15,1
0.91309,592.15,1
0.91309,592.15,1
0.91309,592.15,1
0.91309,592.15,1
0.91309,592.15,1
