NaN,NaN,1
0.25708,115.93,0
0.25708,115.93,1
0.25708,115.93,1
0.25708,115.93,1
0.25708,115.93,1
