NaN,NaN,1
0.56738,9326.8,0
0.56738,9326.8,1
0.56738,9326.8,1
0.56738,9326.8,1
0.56738,9326.8,1
0.56738,9326.8,1
0.56738,9326.8,1
0.56738,9326.8,1
0.56738,9326.8,1
0.56738,9326.8,1
0.56738,9326.8,1
0.56738,9326.8,1
0.56738,9326.8,1
