NaN,NaN,1
0.21216,1154.1,0
0.21216,1154.1,1
0.21216,1154.1,1
0.21216,1154.1,1
