NaN,NaN,1
NaN,NaN,1
0.062378,92.636,0
0.062378,92.636,1
