NaN,NaN,1
NaN,NaN,1
0.11285,289.95,0
0.11285,289.95,1
0.11285,289.95,1
0.11285,289.95,1
