NaN,NaN,1
0.78906,1282.4,0
0.78906,1282.4,1
