NaN,NaN,1
0.66992,841.08,0
0.66992,841.08,1
