NaN,NaN,1
0.47583,1850.5,0
0.47583,1850.5,1
0.47583,1850.5,1
0.53027,1464.8,0
