NaN,NaN,1
NaN,NaN,1
0.23596,996.61,0
0.23596,996.61,1
0.23596,996.61,1
0.23596,996.61,1
0.23596,996.61,1
0.23596,996.61,1
