NaN,NaN,1
0.97461,6554.3,0
0.97461,6554.3,1
0.97461,6554.3,1
0.97461,6554.3,1
