NaN,NaN,1
0.87012,5382.3,0
0.87012,5382.3,1
0.87012,5382.3,1
0.87012,5382.3,1
0.87012,5382.3,1
0.87012,5382.3,1
