NaN,NaN,1
NaN,NaN,1
NaN,NaN,1
0.85352,4280.4,0
0.85352,4280.4,1
