NaN,NaN,1
NaN,NaN,1
NaN,NaN,1
NaN,NaN,1
NaN,NaN,1
0.13367,266.92,0
0.13367,266.92,1
0.13367,266.92,1
0.13367,266.92,1
0.13367,266.92,1
0.13367,266.92,1
0.13367,266.92,1
0.13367,266.92,1
0.13367,266.92,1
0.13367,266.92,1
0.13367,266.92,1
0.13367,266.92,1
0.13367,266.92,1
0.13367,266.92,1
0.13367,266.92,1
0.13367,266.92,1
0.13367,266.92,1
0.13367,266.92,1
0.13367,266.92,1
0.13367,266.92,1
0.13367,266.92,1
0.13367,266.92,1
0.13367,266.92,1
0.13367,266.92,1
NaN,NaN,1
NaN,NaN,1
NaN,NaN,1
