NaN,NaN,1
NaN,NaN,1
NaN,NaN,1
NaN,NaN,1
NaN,NaN,1
NaN,NaN,1
NaN,NaN,1
NaN,NaN,1
NaN,NaN,1
NaN,NaN,1
NaN,NaN,1
NaN,NaN,1
NaN,NaN,1
0.17737,153.63,0
0.17737,153.63,1
0.17737,153.63,1
0.17737,153.63,1
0.17737,153.63,1
0.17737,153.63,1
0.17737,153.63,1
0.17737,153.63,1
