NaN,NaN,1
NaN,NaN,1
NaN,NaN,1
0.59473,475.07,0
0.59473,475.07,1
0.59473,475.07,1
0.59473,475.07,1
0.59473,475.07,1
