NaN,NaN,1
0.72412,3612.9,0
0.72412,3612.9,1
0.72412,3612.9,1
0.72412,3612.9,1
0.72412,3612.9,1
0.72412,3612.9,1
0.72412,3612.9,1
0.72412,3612.9,1
