NaN,NaN,1
NaN,NaN,1
0.20911,632.88,0
0.20911,632.88,1
0.20911,632.88,1
0.20911,632.88,1
0.20911,632.88,1
0.20911,632.88,1
0.20911,632.88,1
0.20911,632.88,1
