NaN,NaN,1
0.35254,7836.6,0
0.35254,7836.6,1
0.35254,7836.6,1
