NaN,NaN,1
0.94727,671.78,0
0.94727,671.78,1
0.94727,671.78,1
0.94727,671.78,1
0.94727,671.78,1
0.94727,671.78,1
0.94727,671.78,1
