NaN,NaN,1
NaN,NaN,1
0.15674,703.31,0
0.15674,703.31,1
