NaN,NaN,1
0.070313,196.57,0
0.070313,196.57,1
