NaN,NaN,1
0.66455,3852.2,0
0.66455,3852.2,1
0.66455,3852.2,1
0.66455,3852.2,1
0.66455,3852.2,1
0.66455,3852.2,1
0.66455,3852.2,1
0.66455,3852.2,1
0.66455,3852.2,1
0.66455,3852.2,1
