NaN,NaN,1
NaN,NaN,1
NaN,NaN,1
NaN,NaN,1
NaN,NaN,1
NaN,NaN,1
0.39429,537.75,0
0.39429,537.75,1
0.39429,537.75,1
0.39429,537.75,1
0.39429,537.75,1
