NaN,NaN,1
NaN,NaN,1
NaN,NaN,1
0.70117,2645.7,0
0.70117,2645.7,1
0.70117,2645.7,1
