NaN,NaN,1
0.39795,278.2,0
0.39795,278.2,1
0.39795,278.2,1
0.39795,278.2,1
0.39795,278.2,1
0.39795,278.2,1
0.39795,278.2,1
0.39795,278.2,1
0.39795,278.2,1
0.39795,278.2,1
0.39795,278.2,1
