NaN,NaN,1
0.074951,126.86,0
0.074951,126.86,1
