NaN,NaN,1
0.077515,173.58,0
0.077515,173.58,1
0.077515,173.58,1
0.077515,173.58,1
0.077515,173.58,1
