NaN,NaN,1
0.76709,4440.2,0
0.76709,4440.2,1
0.76709,4440.2,1
