NaN,NaN,1
0.71191,1191.7,0
0.71191,1191.7,1
0.71191,1191.7,1
0.71191,1191.7,1
