NaN,NaN,1
0.72266,10128,0
0.72266,10128,1
0.72266,10128,1
0.72266,10128,1
0.72266,10128,1
0.72266,10128,1
0.72266,10128,1
0.72266,10128,1
0.72266,10128,1
0.72266,10128,1
0.72266,10128,1
0.72266,10128,1
