NaN,NaN,1
NaN,NaN,1
NaN,NaN,1
0.40967,841.08,0
0.40967,841.08,1
0.40967,841.08,1
0.40967,841.08,1
0.40967,841.08,1
0.40967,841.08,1
0.40967,841.08,1
0.40967,841.08,1
0.40967,841.08,1
0.40967,841.08,1
0.40967,841.08,1
0.40967,841.08,1
0.40967,841.08,1
0.40967,841.08,1
0.40967,841.08,1
0.40967,841.08,1
0.40967,841.08,1
0.40967,841.08,1
0.40967,841.08,1
0.40967,841.08,1
