NaN,NaN,1
0.11627,221.55,0
0.11627,221.55,1
0.11627,221.55,1
0.11627,221.55,1
0.11627,221.55,1
0.11627,221.55,1
0.11627,221.55,1
0.11627,221.55,1
0.11627,221.55,1
