NaN,NaN,1
0.42529,6147.1,0
0.42529,6147.1,1
0.42529,6147.1,1
0.42529,6147.1,1
0.42529,6147.1,1
0.42529,6147.1,1
