NaN,NaN,1
0.76709,1392.7,0
0.76709,1392.7,1
0.76709,1392.7,1
0.76709,1392.7,1
0.76709,1392.7,1
0.76709,1392.7,1
0.76709,1392.7,1
0.76709,1392.7,1
0.76709,1392.7,1
0.76709,1392.7,1
0.76709,1392.7,1
0.76709,1392.7,1
0.76709,1392.7,1
0.76709,1392.7,1
0.76709,1392.7,1
0.76709,1392.7,1
