NaN,NaN,1
0.66504,3730.6,0
0.66504,3730.6,1
0.66504,3730.6,1
0.66504,3730.6,1
0.66504,3730.6,1
0.66504,3730.6,1
0.66504,3730.6,1
