NaN,NaN,1
0.69922,3834.6,0
0.69922,3834.6,1
0.69922,3834.6,1
0.69922,3834.6,1
0.69922,3834.6,1
