NaN,NaN,1
0.69141,311.36,0
0.69141,311.36,1
0.69141,311.36,1
0.69141,311.36,1
0.69141,311.36,1
0.69141,311.36,1
