NaN,NaN,1
NaN,NaN,1
NaN,NaN,1
NaN,NaN,1
NaN,NaN,1
0.69482,2202.5,0
0.69482,2202.5,1
0.69482,2202.5,1
0.69482,2202.5,1
0.66895,2425,0
0.66895,2425,1
0.66895,2425,1
0.66895,2425,1
