NaN,NaN,1
NaN,NaN,1
NaN,NaN,1
0.77539,2046.8,0
0.77539,2046.8,1
