NaN,NaN,1
NaN,NaN,1
0.22229,106.92,0
0.22229,106.92,0
0.22229,106.92,1
0.22229,106.92,1
0.22229,106.92,1
0.22229,106.92,1
0.22229,106.92,1
