NaN,NaN,1
0.66553,810.78,0
0.66553,810.78,1
0.66553,810.78,1
