NaN,NaN,1
NaN,NaN,1
0.46411,296.01,0
0.46411,296.01,1
0.46411,296.01,1
0.46411,296.01,1
0.46411,296.01,1
0.46411,296.01,1
