NaN,NaN,1
0.87402,5557.7,0
0.87402,5557.7,1
0.87402,5557.7,1
0.87402,5557.7,1
