NaN,NaN,1
NaN,NaN,1
NaN,NaN,1
0.34741,1087.3,0
0.34741,1087.3,1
0.34741,1087.3,1
0.34741,1087.3,1
