NaN,NaN,1
NaN,NaN,1
NaN,NaN,1
NaN,NaN,1
0.58691,410.16,0
0.58691,410.16,1
0.58691,410.16,1
0.58691,410.16,1
0.58691,410.16,1
0.58691,410.16,1
0.58691,410.16,1
0.58691,410.16,1
0.58691,410.16,1
0.58691,410.16,1
0.58691,410.16,1
0.58691,410.16,1
0.58691,410.16,1
0.58691,410.16,1
0.58691,410.16,1
0.58691,410.16,1
0.58691,410.16,1
0.58691,410.16,1
0.58691,410.16,1
0.58691,410.16,1
0.58691,410.16,1
0.58691,410.16,1
0.58691,410.16,1
0.58691,410.16,1
NaN,NaN,1
NaN,NaN,1
NaN,NaN,1
NaN,NaN,1
