NaN,NaN,1
NaN,NaN,1
0.73926,3049.5,0
0.73926,3049.5,1
0.73926,3049.5,1
0.73926,3049.5,1
0.73926,3049.5,1
0.73926,3049.5,1
0.73926,3049.5,1
0.73926,3049.5,1
