NaN,NaN,1
NaN,NaN,1
NaN,NaN,1
NaN,NaN,1
NaN,NaN,1
NaN,NaN,1
NaN,NaN,1
NaN,NaN,1
NaN,NaN,1
NaN,NaN,1
NaN,NaN,1
0.68457,684.22,0
0.68457,684.22,1
0.68457,684.22,1
0.68457,684.22,1
0.68457,684.22,1
0.68457,684.22,1
0.68457,684.22,1
0.68457,684.22,1
0.68457,684.22,1
0.68457,684.22,1
0.68457,684.22,1
0.68457,684.22,1
0.68457,684.22,1
0.68457,684.22,1
