NaN,NaN,1
0.28979,546.46,0
0.28979,546.46,1
0.28979,546.46,1
0.28979,546.46,1
0.28979,546.46,1
0.28979,546.46,1
0.28979,546.46,1
0.28979,546.46,1
0.28979,546.46,1
0.28979,546.46,1
0.28979,546.46,1
0.28979,546.46,1
0.28979,546.46,1
0.28979,546.46,1
0.28979,546.46,1
0.28979,546.46,1
0.28979,546.46,1
0.28979,546.46,1
0.28979,546.46,1
0.28979,546.46,1
0.28979,546.46,1
0.28979,546.46,1
