NaN,NaN,1
NaN,NaN,1
0.32788,3869.9,0
0.32788,3869.9,1
0.32788,3869.9,1
0.32788,3869.9,1
