NaN,NaN,1
NaN,NaN,1
NaN,NaN,1
0.55176,1540.5,0
0.55176,1540.5,1
0.55176,1540.5,1
0.55176,1540.5,1
