NaN,NaN,1
NaN,NaN,1
NaN,NaN,1
NaN,NaN,1
NaN,NaN,1
NaN,NaN,1
NaN,NaN,1
0.11072,261.45,0
0.11072,261.45,1
0.11072,261.45,1
0.11072,261.45,1
0.11072,261.45,1
0.11072,261.45,1
