NaN,NaN,1
0.50244,289.31,0
0.50244,289.31,1
0.50244,289.31,1
0.50244,289.31,1
0.50244,289.31,1
0.50244,289.31,1
0.50244,289.31,1
0.50244,289.31,1
0.50244,289.31,1
0.50244,289.31,1
