NaN,NaN,1
NaN,NaN,1
0.37451,175.59,0
0.37451,175.59,1
0.37451,175.59,1
0.37451,175.59,1
0.37451,175.59,1
