NaN,NaN,1
0.080933,265.09,0
0.080933,265.09,1
0.080933,265.09,1
0.080933,265.09,1
0.080933,265.09,1
0.080933,265.09,1
0.080933,265.09,1
0.080933,265.09,1
0.080933,265.09,1
