NaN,NaN,1
0.73242,254.34,0
0.73242,254.34,1
0.73242,254.34,1
0.73242,254.34,1
