NaN,NaN,1
NaN,NaN,1
NaN,NaN,1
NaN,NaN,1
NaN,NaN,1
NaN,NaN,1
NaN,NaN,1
NaN,NaN,1
NaN,NaN,1
0.25854,203,0
0.25854,203,1
0.25854,203,1
0.25854,203,1
0.25854,203,1
0.25854,203,1
0.25854,203,1
0.25854,203,1
0.25854,203,1
0.25854,203,1
0.25854,203,1
