NaN,NaN,1
0.46973,607.28,0
0.46973,607.28,1
0.46973,607.28,1
0.46973,607.28,1
