NaN,NaN,1
0.17542,905.11,0
0.17542,905.11,1
0.17542,905.11,1
0.17542,905.11,1
0.17542,905.11,1
