NaN,NaN,1
0.056854,1642.6,0
0.056854,1642.6,1
0.056854,1642.6,1
0.056854,1642.6,1
