NaN,NaN,1
0.85645,2860,0
0.85645,2860,1
