NaN,NaN,1
NaN,NaN,1
NaN,NaN,1
0.42529,978.49,0
0.42529,978.49,1
0.42529,978.49,1
0.42529,978.49,1
0.42529,978.49,1
0.42529,978.49,1
