NaN,NaN,1
NaN,NaN,1
NaN,NaN,1
NaN,NaN,1
NaN,NaN,1
NaN,NaN,1
NaN,NaN,1
NaN,NaN,1
NaN,NaN,1
NaN,NaN,1
NaN,NaN,1
0.15918,411.11,0
0.15918,411.11,1
0.15918,411.11,1
0.15918,411.11,1
0.15918,411.11,1
0.15918,411.11,1
0.15918,411.11,1
0.15918,411.11,1
0.15918,411.11,1
0.15918,411.11,1
0.15918,411.11,1
0.15918,411.11,1
0.15918,411.11,1
0.15918,411.11,1
0.15918,411.11,1
0.15918,411.11,1
0.15918,411.11,1
