NaN,NaN,1
0.92822,1253.4,0
0.92822,1253.4,1
