NaN,NaN,1
NaN,NaN,1
NaN,NaN,1
0.80518,10849,0
0.80518,10849,1
