NaN,NaN,1
NaN,NaN,1
0.33148,706.73,0
0.33148,706.73,1
0.33148,706.73,1
0.33148,706.73,1
0.33148,706.73,1
0.33148,706.73,1
0.33148,706.73,1
0.33148,706.73,1
0.33148,706.73,1
0.33148,706.73,1
0.33148,706.73,1
0.33148,706.73,1
