NaN,NaN,1
0.16144,254.36,0
0.16144,254.36,1
0.16144,254.36,1
0.16144,254.36,1
0.16144,254.36,1
0.16144,254.36,1
0.16144,254.36,1
0.16144,254.36,1
