NaN,NaN,1
NaN,NaN,1
NaN,NaN,1
0.29834,254.93,0
0.29834,254.93,1
0.29834,254.93,1
0.29834,254.93,1
0.29834,254.93,1
0.29834,254.93,1
