NaN,NaN,1
NaN,NaN,1
NaN,NaN,1
NaN,NaN,1
NaN,NaN,1
NaN,NaN,1
NaN,NaN,1
0.32617,309.22,0
0.32617,309.22,1
0.32617,309.22,1
0.32617,309.22,1
0.32617,309.22,1
