NaN,NaN,1
NaN,NaN,1
NaN,NaN,1
0.47607,151.52,0
0.47607,151.52,1
0.47607,151.52,1
0.47607,151.52,1
0.47607,151.52,1
0.47607,151.52,1
0.47607,151.52,1
0.47607,151.52,1
0.47607,151.52,1
0.47607,151.52,1
0.47607,151.52,1
