NaN,NaN,1
NaN,NaN,1
0.11853,4319.8,0
0.11853,4319.8,1
0.11853,4319.8,1
0.11853,4319.8,1
0.11853,4319.8,1
0.11853,4319.8,1
0.11853,4319.8,1
