NaN,NaN,1
0.28662,1230.6,0
0.28662,1230.6,1
0.28662,1230.6,1
0.28662,1230.6,1
