NaN,NaN,1
0.85693,12054,0
0.85693,12054,1
