NaN,NaN,1
NaN,NaN,1
NaN,NaN,1
NaN,NaN,1
NaN,NaN,1
NaN,NaN,1
0.43799,3596.4,0
0.43799,3596.4,1
0.43799,3596.4,1
0.43799,3596.4,1
0.43799,3596.4,1
0.43799,3596.4,1
