NaN,NaN,1
0.56738,1294.3,0
0.56738,1294.3,1
0.56738,1294.3,1
0.56738,1294.3,1
0.56738,1294.3,1
0.56738,1294.3,1
0.56738,1294.3,1
0.56738,1294.3,1
