NaN,NaN,1
NaN,NaN,1
0.76367,1964.1,0
0.76367,1964.1,1
