NaN,NaN,1
0.57373,6347.5,0
0.57373,6347.5,0
0.57373,6347.5,1
0.57373,6347.5,1
0.57373,6347.5,1
0.57373,6347.5,1
