NaN,NaN,1
0.075073,93.066,0
0.075073,93.066,1
0.075073,93.066,1
