NaN,NaN,1
NaN,NaN,1
0.43164,956.31,0
0.43164,956.31,1
0.43164,956.31,1
0.43164,956.31,1
0.43164,956.31,1
0.43164,956.31,1
