NaN,NaN,1
NaN,NaN,1
0.19714,173.98,0
0.19714,173.98,1
0.19714,173.98,1
0.19714,173.98,1
0.19714,173.98,1
0.19714,173.98,1
0.19714,173.98,1
0.19714,173.98,1
