NaN,NaN,1
NaN,NaN,1
0.63477,142.7,0
0.63477,142.7,1
0.63477,142.7,1
