NaN,NaN,1
0.81152,3941.5,0
0.81152,3941.5,1
0.81152,3941.5,1
0.77686,844.94,0
