NaN,NaN,1
NaN,NaN,1
0.58887,503.13,0
0.58887,503.13,1
0.58887,503.13,1
