NaN,NaN,1
0.46875,1392.7,0
0.46875,1392.7,1
0.46875,1392.7,1
0.46875,1392.7,1
0.46875,1392.7,1
0.46875,1392.7,1
0.46875,1392.7,1
