NaN,NaN,1
0.67578,2682.3,0
0.67578,2682.3,1
0.67578,2682.3,1
0.67578,2682.3,1
0.67578,2682.3,1
0.67578,2682.3,1
0.67578,2682.3,1
0.67578,2682.3,1
0.67578,2682.3,1
0.67578,2682.3,1
0.67578,2682.3,1
0.67578,2682.3,1
0.67578,2682.3,1
0.67578,2682.3,1
0.67578,2682.3,1
0.67578,2682.3,1
