NaN,NaN,1
0.57129,1533.5,0
0.57129,1533.5,1
0.57129,1533.5,1
0.57129,1533.5,1
