NaN,NaN,1
0.90234,774.43,0
0.90234,774.43,1
0.90234,774.43,1
