NaN,NaN,1
0.75586,375.03,0
0.75586,375.03,1
0.75586,375.03,1
