NaN,NaN,1
0.22595,143.69,0
0.22595,143.69,1
0.22595,143.69,1
0.22595,143.69,1
