NaN,NaN,1
NaN,NaN,1
NaN,NaN,1
NaN,NaN,1
NaN,NaN,1
NaN,NaN,1
NaN,NaN,1
0.07312,200.68,0
0.07312,200.68,1
0.07312,200.68,1
0.07312,200.68,1
0.07312,200.68,1
0.07312,200.68,1
