NaN,NaN,1
0.86377,7659.1,0
0.86377,7659.1,1
0.86377,7659.1,1
0.86377,7659.1,1
0.86377,7659.1,1
0.86377,7659.1,1
