NaN,NaN,1
NaN,NaN,1
NaN,NaN,1
NaN,NaN,1
0.57373,1159.4,0
0.57373,1159.4,1
0.57373,1159.4,1
