NaN,NaN,1
NaN,NaN,1
NaN,NaN,1
0.88037,1264.9,0
0.88037,1264.9,1
0.88037,1264.9,1
0.88037,1264.9,1
0.88037,1264.9,1
