NaN,NaN,1
NaN,NaN,1
0.76074,2305.8,0
0.76074,2305.8,1
0.76074,2305.8,1
0.76074,2305.8,1
0.76074,2305.8,1
0.76074,2305.8,1
0.76074,2305.8,1
