NaN,NaN,1
0.37646,320.06,0
0.37646,320.06,1
0.37646,320.06,1
0.37646,320.06,1
0.37646,320.06,1
