NaN,NaN,1
NaN,NaN,1
0.76025,394.46,0
0.76025,394.46,1
0.76025,394.46,1
0.76025,394.46,1
