NaN,NaN,1
0.76758,753.41,0
0.76758,753.41,1
0.76758,753.41,1
0.76758,753.41,1
