NaN,NaN,1
NaN,NaN,1
0.17664,403.62,0
0.17664,403.62,1
