NaN,NaN,1
0.82666,3887.7,0
0.82666,3887.7,1
0.82666,3887.7,1
0.82666,3887.7,1
0.82666,3887.7,1
0.82666,3887.7,1
0.82666,3887.7,1
0.82666,3887.7,1
0.82666,3887.7,1
0.82666,3887.7,1
0.82666,3887.7,1
0.82666,3887.7,1
0.82666,3887.7,1
