NaN,NaN,1
0.85498,896.85,0
0.85498,896.85,1
