NaN,NaN,1
NaN,NaN,1
NaN,NaN,1
NaN,NaN,1
NaN,NaN,1
NaN,NaN,1
NaN,NaN,1
NaN,NaN,1
NaN,NaN,1
0.81445,719.63,0
0.81445,719.63,1
0.81445,719.63,1
0.81445,719.63,1
0.81445,719.63,1
0.81445,719.63,1
0.81445,719.63,1
0.81445,719.63,1
0.81445,719.63,1
0.81445,719.63,1
0.81445,719.63,1
0.81445,719.63,1
