NaN,NaN,1
NaN,NaN,1
NaN,NaN,1
NaN,NaN,1
NaN,NaN,1
NaN,NaN,1
NaN,NaN,1
NaN,NaN,1
NaN,NaN,1
0.52539,482.77,0
0.52539,482.77,1
0.52539,482.77,1
0.52539,482.77,1
0.52539,482.77,1
0.52539,482.77,1
