NaN,NaN,1
0.71338,372.45,0
0.71338,372.45,1
0.71338,372.45,1
0.71338,372.45,1
