NaN,NaN,1
NaN,NaN,1
NaN,NaN,1
NaN,NaN,1
0.091003,612.88,0
0.091003,612.88,1
0.091003,612.88,1
