NaN,NaN,1
NaN,NaN,1
NaN,NaN,1
0.60352,3007.8,0
0.60352,3007.8,1
0.60352,3007.8,1
0.60352,3007.8,1
0.60352,3007.8,1
0.60352,3007.8,1
0.60352,3007.8,1
0.60352,3007.8,1
0.60352,3007.8,1
0.60352,3007.8,1
0.60352,3007.8,1
0.60352,3007.8,1
0.60352,3007.8,1
0.60352,3007.8,1
0.60352,3007.8,1
0.60352,3007.8,1
0.60352,3007.8,1
0.60352,3007.8,1
0.60352,3007.8,1
0.60352,3007.8,1
