NaN,NaN,1
NaN,NaN,1
NaN,NaN,1
0.82959,732.96,0
0.82959,732.96,1
0.82959,732.96,1
0.82959,732.96,1
0.82959,732.96,1
0.82959,732.96,1
0.82959,732.96,1
0.82959,732.96,1
0.82959,732.96,1
0.82959,732.96,1
