NaN,NaN,1
0.24951,214.53,0
0.24951,214.53,1
0.24951,214.53,1
0.24951,214.53,1
0.24951,214.53,1
0.24951,214.53,1
0.24951,214.53,1
0.24951,214.53,1
0.24951,214.53,1
0.24951,214.53,1
0.24951,214.53,1
0.24951,214.53,1
0.24951,214.53,1
0.24951,214.53,1
0.24951,214.53,1
0.24951,214.53,1
0.24951,214.53,1
0.24951,214.53,1
0.24951,214.53,1
0.24951,214.53,1
0.24951,214.53,1
0.24951,214.53,1
0.24951,214.53,1
0.24951,214.53,1
NaN,NaN,1
