NaN,NaN,1
0.89771,9174.8,0
0.89771,9174.8,1
0.89771,9174.8,1
0.89771,9174.8,1
0.89771,9174.8,1
0.89771,9174.8,1
