NaN,NaN,1
0.084229,142.7,0
0.084229,142.7,1
0.084229,142.7,1
0.084229,142.7,1
