NaN,NaN,1
NaN,NaN,1
0.56348,2694.6,0
0.56348,2694.6,1
0.56348,2694.6,1
0.56348,2694.6,1
0.56348,2694.6,1
0.56348,2694.6,1
0.56348,2694.6,1
