NaN,NaN,1
0.12292,177.63,0
0.12292,177.63,1
0.12292,177.63,1
