NaN,NaN,1
NaN,NaN,1
NaN,NaN,1
0.36548,257.28,0
0.36548,257.28,1
0.36548,257.28,1
0.36548,257.28,1
0.36548,257.28,1
0.36548,257.28,1
0.36548,257.28,1
