NaN,NaN,1
NaN,NaN,1
0.82715,2202.5,0
0.82715,2202.5,1
0.82715,2202.5,1
