NaN,NaN,1
0.29785,227.23,0
0.29785,227.23,1
0.29785,227.23,1
0.29785,227.23,1
0.29785,227.23,1
