NaN,NaN,1
NaN,NaN,1
0.40894,410.16,0
0.40894,410.16,1
0.40894,410.16,1
0.40894,410.16,1
0.40894,410.16,1
0.40894,410.16,1
0.40894,410.16,1
0.40894,410.16,1
