NaN,NaN,1
NaN,NaN,1
NaN,NaN,1
0.11224,250.28,0
0.11224,250.28,1
