NaN,NaN,1
0.54004,4821.9,0
0.54004,4821.9,1
