NaN,NaN,1
0.59424,5212.5,0
0.59424,5212.5,1
0.59424,5212.5,1
