NaN,NaN,1
NaN,NaN,1
0.44653,3941.5,0
0.44653,3941.5,1
0.44653,3941.5,1
0.44653,3941.5,1
0.44653,3941.5,1
0.44653,3941.5,1
