NaN,NaN,1
NaN,NaN,1
0.74072,7659.1,0
0.74072,7659.1,1
0.74072,7659.1,1
0.74072,7659.1,1
0.74072,7659.1,1
0.74072,7659.1,1
0.74072,7659.1,1
0.74072,7659.1,1
0.74072,7659.1,1
0.74072,7659.1,1
0.74072,7659.1,1
0.74072,7659.1,1
0.74072,7659.1,1
0.74072,7659.1,1
0.74072,7659.1,1
0.74072,7659.1,1
0.74072,7659.1,1
0.74072,7659.1,1
0.74072,7659.1,1
0.74072,7659.1,1
0.74072,7659.1,1
0.74072,7659.1,1
0.74072,7659.1,1
0.74072,7659.1,1
NaN,NaN,1
NaN,NaN,1
