NaN,NaN,1
0.081238,618.53,0
0.081238,618.53,1
0.081238,618.53,1
0.081238,618.53,1
0.081238,618.53,1
0.081238,618.53,1
0.081238,618.53,1
0.081238,618.53,1
0.081238,618.53,1
0.081238,618.53,1
0.081238,618.53,1
0.081238,618.53,1
0.081238,618.53,1
0.081238,618.53,1
0.081238,618.53,1
0.081238,618.53,1
0.081238,618.53,1
0.081238,618.53,1
0.081238,618.53,1
0.081238,618.53,1
