NaN,NaN,1
NaN,NaN,1
NaN,NaN,1
NaN,NaN,1
NaN,NaN,1
NaN,NaN,1
NaN,NaN,1
0.72949,612.88,0
0.72949,612.88,1
0.72949,612.88,1
0.72949,612.88,1
0.72949,612.88,1
0.72949,612.88,1
0.72949,612.88,1
