NaN,NaN,1
0.61865,422.59,0
0.61865,422.59,1
0.61865,422.59,1
0.61865,422.59,1
0.61865,422.59,1
0.61865,422.59,1
0.61865,422.59,1
