NaN,NaN,1
0.50488,618.53,0
0.50488,618.53,1
0.50488,618.53,1
0.50488,618.53,1
0.50488,618.53,1
0.50488,618.53,1
