NaN,NaN,1
0.056366,106.18,0
0.056366,106.18,1
0.056366,106.18,1
0.056366,106.18,1
0.056366,106.18,1
