NaN,NaN,1
NaN,NaN,1
0.093872,157.21,0
0.093872,157.21,1
0.093872,157.21,1
0.093872,157.21,1
0.093872,157.21,1
0.093872,157.21,1
0.093872,157.21,1
0.093872,157.21,1
0.093872,157.21,1
0.093872,157.21,1
