NaN,NaN,1
NaN,NaN,1
NaN,NaN,1
NaN,NaN,1
0.43628,201.61,0
0.43628,201.61,1
0.43628,201.61,1
