NaN,NaN,1
NaN,NaN,1
0.50537,2562.1,0
0.50537,2562.1,1
0.50537,2562.1,1
0.50537,2562.1,1
0.50537,2562.1,1
0.50537,2562.1,1
0.50537,2562.1,1
0.50537,2562.1,1
