NaN,NaN,1
NaN,NaN,1
NaN,NaN,1
NaN,NaN,1
NaN,NaN,1
0.72559,561.71,0
0.72559,561.71,1
0.72559,561.71,1
0.72559,561.71,1
0.72559,561.71,1
0.72559,561.71,1
