NaN,NaN,1
0.51465,2795.2,0
0.51465,2795.2,1
0.51465,2795.2,1
0.51465,2795.2,1
0.51465,2795.2,1
0.51465,2795.2,1
