NaN,NaN,1
0.51123,470.73,0
0.51123,470.73,1
0.51123,470.73,1
0.51123,470.73,1
