NaN,NaN,1
NaN,NaN,1
NaN,NaN,1
NaN,NaN,1
NaN,NaN,1
NaN,NaN,1
0.30176,2458.6,0
0.30176,2458.6,1
0.30176,2458.6,1
0.30176,2458.6,1
0.30176,2458.6,1
0.30176,2458.6,1
0.30176,2458.6,1
0.30176,2458.6,1
0.58594,2682.3,0
