NaN,NaN,1
NaN,NaN,1
NaN,NaN,1
NaN,NaN,1
0.17651,197.47,0
0.17651,197.47,1
0.17651,197.47,1
0.17651,197.47,1
