NaN,NaN,1
0.59668,1164.7,0
0.59668,1164.7,1
0.59668,1164.7,1
0.59668,1164.7,1
0.59668,1164.7,1
0.59668,1164.7,1
0.59668,1164.7,1
