NaN,NaN,1
0.92627,1259.1,0
0.92627,1259.1,1
0.92627,1259.1,1
0.92627,1259.1,1
0.92627,1259.1,1
0.92627,1259.1,1
0.92627,1259.1,1
0.92627,1259.1,1
