NaN,NaN,1
NaN,NaN,1
NaN,NaN,1
0.82178,450.64,0
0.82178,450.64,1
0.82178,450.64,1
0.82178,450.64,1
