NaN,NaN,1
NaN,NaN,1
0.75439,223.09,0
0.75439,223.09,1
0.75439,223.09,1
