NaN,NaN,1
0.054352,109.42,0
0.054352,109.42,1
0.054352,109.42,1
0.054352,109.42,1
0.054352,109.42,1
0.054352,109.42,1
0.054352,109.42,1
0.054352,109.42,1
