NaN,NaN,1
0.72607,250.28,0
0.72607,250.28,1
0.72607,250.28,1
0.72607,250.28,1
0.72607,250.28,1
0.72607,250.28,1
0.74365,596.24,0
