NaN,NaN,1
0.24731,164.62,0
0.24731,164.62,1
0.24731,164.62,1
0.24731,164.62,1
0.24731,164.62,1
