NaN,NaN,1
0.74609,584.05,0
0.74609,584.05,1
0.74609,584.05,1
0.72534,3284,0
