NaN,NaN,1
0.42969,27495,0
0.42969,27495,1
