NaN,NaN,1
0.33838,132.54,0
0.33838,132.54,1
0.33838,132.54,1
0.33838,132.54,1
0.33838,132.54,1
