NaN,NaN,1
NaN,NaN,1
NaN,NaN,1
0.22595,93.066,0
0.22595,93.066,1
0.22595,93.066,1
0.22595,93.066,1
0.22595,93.066,1
0.22595,93.066,1
