NaN,NaN,1
0.35559,572.74,0
0.35559,572.74,1
0.35559,572.74,1
0.35559,572.74,1
0.35559,572.74,1
