NaN,NaN,1
NaN,NaN,1
0.91797,2233,0
0.91797,2233,1
0.91797,2233,1
0.91797,2233,1
0.91797,2233,1
0.91797,2233,1
0.91797,2233,1
0.91797,2233,1
0.91797,2233,1
0.91797,2233,1
0.91797,2233,1
0.91797,2233,1
0.91797,2233,1
0.91797,2233,1
0.91797,2233,1
0.91797,2233,1
0.91797,2233,1
0.91797,2233,1
0.91797,2233,1
0.91797,2233,1
0.91797,2233,1
0.91797,2233,1
0.91797,2233,1
0.91797,2233,1
NaN,NaN,1
NaN,NaN,1
