NaN,NaN,1
NaN,NaN,1
0.39502,386.39,0
0.39502,386.39,1
0.39502,386.39,1
0.39502,386.39,1
0.39502,386.39,1
0.39502,386.39,1
0.39502,386.39,1
0.39502,386.39,1
0.39502,386.39,1
0.39502,386.39,1
0.39502,386.39,1
0.39502,386.39,1
0.39502,386.39,1
