NaN,NaN,1
NaN,NaN,1
NaN,NaN,1
NaN,NaN,1
0.072388,190.77,0
0.072388,190.77,1
0.072388,190.77,1
