NaN,NaN,1
NaN,NaN,1
NaN,NaN,1
NaN,NaN,1
NaN,NaN,1
NaN,NaN,1
NaN,NaN,1
0.44971,825.79,0
0.44971,825.79,1
0.44971,825.79,1
0.44971,825.79,1
0.44971,825.79,1
0.44971,825.79,1
