NaN,NaN,1
0.58057,1719.7,0
0.58057,1719.7,1
0.58057,1719.7,1
