NaN,NaN,1
NaN,NaN,1
NaN,NaN,1
NaN,NaN,1
0.17529,123.68,0
0.17529,123.68,1
0.17529,123.68,1
0.17529,123.68,1
0.17529,123.68,1
0.17529,123.68,1
0.17529,123.68,1
0.17529,123.68,1
0.17529,123.68,1
0.17529,123.68,1
