NaN,NaN,1
NaN,NaN,1
NaN,NaN,1
0.53906,799.7,0
0.53906,799.7,1
0.53906,799.7,1
0.53906,799.7,1
0.53906,799.7,1
0.53906,799.7,1
0.53906,799.7,1
0.53906,799.7,1
0.53906,799.7,1
0.53906,799.7,1
0.53906,799.7,1
0.53906,799.7,1
0.53906,799.7,1
0.53906,799.7,1
0.53906,799.7,1
0.53906,799.7,1
0.53906,799.7,1
0.53906,799.7,1
0.53906,799.7,1
0.53906,799.7,1
0.53906,799.7,1
0.53906,799.7,1
0.53906,799.7,1
0.53906,799.7,1
NaN,NaN,1
NaN,NaN,1
NaN,NaN,1
NaN,NaN,1
NaN,NaN,1
