NaN,NaN,1
NaN,NaN,1
0.84863,1425,0
0.84863,1425,1
