NaN,NaN,1
NaN,NaN,1
NaN,NaN,1
0.61182,8279.4,0
0.61182,8279.4,1
0.61182,8279.4,1
0.61182,8279.4,1
0.61182,8279.4,1
0.61182,8279.4,1
0.84131,9228.5,0
