NaN,NaN,1
NaN,NaN,1
0.18738,647.57,0
0.18738,647.57,1
0.18738,647.57,1
0.18738,647.57,1
0.18738,647.57,1
0.18738,647.57,1
0.18738,647.57,1
0.18738,647.57,1
0.18738,647.57,1
0.18738,647.57,1
0.18738,647.57,1
0.18738,647.57,1
0.18738,647.57,1
0.18738,647.57,1
0.18738,647.57,1
0.18738,647.57,1
0.18738,647.57,1
0.18738,647.57,1
0.18738,647.57,1
