NaN,NaN,1
NaN,NaN,1
0.34155,370.75,0
0.34155,370.75,1
0.34155,370.75,1
0.34155,370.75,1
0.34155,370.75,1
0.34155,370.75,1
0.34155,370.75,1
0.34155,370.75,1
0.34155,370.75,1
