NaN,NaN,1
0.53613,524.35,0
0.53613,524.35,1
