NaN,NaN,1
0.72998,653.54,0
0.72998,653.54,1
0.72998,653.54,1
0.72998,653.54,1
0.72998,653.54,1
0.72998,653.54,1
0.72998,653.54,1
0.72998,653.54,1
