NaN,NaN,1
0.93115,8627.9,0
0.93311,8432.6,0
0.93311,8432.6,1
0.93311,8432.6,1
