NaN,NaN,1
0.16309,460.05,0
0.16309,460.05,1
0.16309,460.05,1
0.16309,460.05,1
0.16309,460.05,1
0.16309,460.05,1
0.16309,460.05,1
0.16309,460.05,1
0.16309,460.05,1
0.16309,460.05,1
0.16309,460.05,1
0.16309,460.05,1
0.16309,460.05,1
