NaN,NaN,1
NaN,NaN,1
0.17859,888.66,0
0.17859,888.66,1
0.17859,888.66,1
0.17859,888.66,1
0.17859,888.66,1
0.17859,888.66,1
0.17859,888.66,1
0.17859,888.66,1
