NaN,NaN,1
NaN,NaN,1
NaN,NaN,1
0.041229,272.5,0
0.041229,272.5,1
0.041229,272.5,1
0.041229,272.5,1
