NaN,NaN,1
0.94043,8055,0
0.94043,8055,1
