NaN,NaN,1
NaN,NaN,1
0.17883,437.39,0
0.17883,437.39,1
0.17883,437.39,1
