NaN,NaN,1
0.89307,618.53,0
0.89307,618.53,1
0.89307,618.53,1
0.88428,439.41,0
0.88428,439.41,1
