NaN,NaN,1
NaN,NaN,1
0.41089,2744.4,0
0.41089,2744.4,1
