NaN,NaN,1
0.055695,148.4,0
0.055695,148.4,1
