NaN,NaN,1
NaN,NaN,1
0.61621,581.38,0
0.61621,581.38,1
0.61621,581.38,1
0.61621,581.38,1
0.61621,581.38,1
