NaN,NaN,1
0.27026,196.57,0
0.27026,196.57,1
0.27026,196.57,1
