NaN,NaN,1
0.34473,284.67,0
0.34473,284.67,1
0.34473,284.67,1
0.34473,284.67,1
0.34473,284.67,1
