NaN,NaN,1
0.32178,629.99,0
0.32178,629.99,1
0.32178,629.99,1
0.32178,629.99,1
0.32178,629.99,1
