NaN,NaN,1
NaN,NaN,1
NaN,NaN,1
0.26147,607.28,0
0.26147,607.28,1
