NaN,NaN,1
NaN,NaN,1
0.17249,349.26,0
0.17249,349.26,1
0.17249,349.26,1
0.17249,349.26,1
0.17249,349.26,1
