NaN,NaN,1
NaN,NaN,1
0.57227,788.77,0
0.57227,788.77,1
0.57227,788.77,1
0.57227,788.77,1
