NaN,NaN,1
NaN,NaN,1
NaN,NaN,1
0.33545,362.33,0
0.33545,362.33,1
0.33545,362.33,1
0.33545,362.33,1
0.33545,362.33,1
