NaN,NaN,1
0.73828,987.51,0
0.73828,987.51,1
0.73828,987.51,1
