NaN,NaN,1
NaN,NaN,1
NaN,NaN,1
NaN,NaN,1
NaN,NaN,1
NaN,NaN,1
NaN,NaN,1
0.47998,1704,0
0.47998,1704,1
0.47998,1704,1
0.47998,1704,1
0.47998,1704,1
0.47998,1704,1
0.47998,1704,1
0.47998,1704,1
0.47998,1704,1
