NaN,NaN,1
0.34375,223.6,0
0.34375,223.6,1
0.34375,223.6,1
0.34375,223.6,1
0.34375,223.6,1
0.34375,223.6,1
0.34375,223.6,1
