NaN,NaN,1
NaN,NaN,1
NaN,NaN,1
NaN,NaN,1
NaN,NaN,1
NaN,NaN,1
NaN,NaN,1
NaN,NaN,1
NaN,NaN,1
NaN,NaN,1
NaN,NaN,1
0.70557,1605.4,0
0.70557,1605.4,1
0.70557,1605.4,1
0.70557,1605.4,1
0.70557,1605.4,1
0.70557,1605.4,1
0.70557,1605.4,1
0.70557,1605.4,1
0.70557,1605.4,1
0.70557,1605.4,1
0.70557,1605.4,1
0.70557,1605.4,1
