NaN,NaN,1
NaN,NaN,1
0.54102,307.09,0
0.54102,307.09,1
0.54102,307.09,1
0.54102,307.09,1
0.54102,307.09,1
0.54102,307.09,1
0.54102,307.09,1
0.54102,307.09,1
0.54102,307.09,1
0.54102,307.09,1
0.54102,307.09,1
0.54102,307.09,1
0.54102,307.09,1
