NaN,NaN,1
NaN,NaN,1
NaN,NaN,1
NaN,NaN,1
0.40063,13333,0
0.40063,13333,1
0.40063,13333,1
0.40063,13333,1
