NaN,NaN,1
NaN,NaN,1
NaN,NaN,1
0.35913,2504.1,0
0.35913,2504.1,1
0.13818,439.41,0
