NaN,NaN,1
NaN,NaN,1
0.26953,363.16,0
0.26953,363.16,1
0.26953,363.16,1
0.26953,363.16,1
