NaN,NaN,1
NaN,NaN,1
0.20581,239.03,0
0.20581,239.03,1
0.20581,239.03,1
0.20581,239.03,1
0.20581,239.03,1
0.20581,239.03,1
0.20581,239.03,1
0.20581,239.03,1
0.20581,239.03,1
0.20581,239.03,1
0.20581,239.03,1
0.20581,239.03,1
0.20581,239.03,1
0.20581,239.03,1
0.20581,239.03,1
0.20581,239.03,1
0.20581,239.03,1
0.20581,239.03,1
0.20581,239.03,1
0.20581,239.03,1
0.20581,239.03,1
0.20581,239.03,1
0.20581,239.03,1
0.20581,239.03,1
NaN,NaN,1
NaN,NaN,1
NaN,NaN,1
NaN,NaN,1
