NaN,NaN,1
NaN,NaN,1
NaN,NaN,1
NaN,NaN,1
NaN,NaN,1
NaN,NaN,1
0.62549,545.2,0
0.62549,545.2,1
0.62549,545.2,1
0.62549,545.2,1
0.62549,545.2,1
0.62549,545.2,1
0.62549,545.2,1
0.62549,545.2,1
