NaN,NaN,1
NaN,NaN,1
NaN,NaN,1
NaN,NaN,1
0.17737,205.35,0
0.17737,205.35,1
0.17737,205.35,1
