NaN,NaN,1
NaN,NaN,1
NaN,NaN,1
0.32983,328.25,0
0.32983,328.25,1
0.32983,328.25,1
0.32983,328.25,1
0.32983,328.25,1
