NaN,NaN,1
NaN,NaN,1
NaN,NaN,1
NaN,NaN,1
NaN,NaN,1
NaN,NaN,1
NaN,NaN,1
NaN,NaN,1
0.30566,104.72,0
0.30566,104.72,1
0.30566,104.72,1
0.30566,104.72,1
0.30566,104.72,1
0.30566,104.72,1
0.30566,104.72,1
