NaN,NaN,1
NaN,NaN,1
0.91992,2172.5,0
0.91992,2172.5,1
0.91992,2172.5,1
0.91992,2172.5,1
0.91992,2172.5,1
