NaN,NaN,1
NaN,NaN,1
NaN,NaN,1
NaN,NaN,1
NaN,NaN,1
NaN,NaN,1
0.11444,129.82,0
0.11444,129.82,1
0.11444,129.82,1
0.11444,129.82,1
0.11444,129.82,1
0.11444,129.82,1
0.11444,129.82,1
0.11444,129.82,1
0.11444,129.82,1
0.11444,129.82,1
0.11444,129.82,1
0.11444,129.82,1
0.11444,129.82,1
0.11444,129.82,1
0.11444,129.82,1
0.11444,129.82,1
0.11444,129.82,1
0.11444,129.82,1
