NaN,NaN,1
NaN,NaN,1
NaN,NaN,1
NaN,NaN,1
NaN,NaN,1
0.60938,286.64,0
0.60938,286.64,1
0.60938,286.64,1
0.60938,286.64,1
0.60938,286.64,1
