NaN,NaN,1
NaN,NaN,1
0.49731,239.58,0
0.49731,239.58,1
0.49731,239.58,1
