NaN,NaN,1
0.59668,746.53,0
0.59668,746.53,1
0.59668,746.53,1
0.59668,746.53,1
