NaN,NaN,1
NaN,NaN,1
0.74023,303.59,0
0.74023,303.59,1
