NaN,NaN,1
NaN,NaN,1
NaN,NaN,1
0.26831,2253.6,0
0.26831,2253.6,1
0.26831,2253.6,1
0.26831,2253.6,1
0.26831,2253.6,1
0.26831,2253.6,1
0.26831,2253.6,1
0.26831,2253.6,1
