NaN,NaN,1
NaN,NaN,1
0.096375,2046.8,0
0.096375,2046.8,1
0.096375,2046.8,1
0.096375,2046.8,1
0.096375,2046.8,1
0.096375,2046.8,1
