NaN,NaN,1
NaN,NaN,1
0.27319,317.86,0
0.27319,317.86,1
0.27319,317.86,1
0.27319,317.86,1
0.27319,317.86,1
0.27319,317.86,1
0.27319,317.86,1
0.27319,317.86,1
0.27319,317.86,1
0.27319,317.86,1
0.27319,317.86,1
0.27319,317.86,1
0.27319,317.86,1
