NaN,NaN,1
NaN,NaN,1
NaN,NaN,1
0.89453,1133.1,0
0.89453,1133.1,1
0.89453,1133.1,1
0.89453,1133.1,1
0.89453,1133.1,1
