NaN,NaN,1
NaN,NaN,1
0.67139,4164.3,0
0.67139,4164.3,1
0.67139,4164.3,1
0.67139,4164.3,1
0.67139,4164.3,1
0.67139,4164.3,1
0.67139,4164.3,1
0.67139,4164.3,1
0.67139,4164.3,1
0.67139,4164.3,1
0.67139,4164.3,1
0.67139,4164.3,1
0.67139,4164.3,1
0.67139,4164.3,1
0.67139,4164.3,1
0.67139,4164.3,1
0.67139,4164.3,1
0.67139,4164.3,1
0.67139,4164.3,1
0.67139,4164.3,1
0.67139,4164.3,1
0.67139,4164.3,1
0.67139,4164.3,1
0.67139,4164.3,1
NaN,NaN,1
NaN,NaN,1
