NaN,NaN,1
0.53125,1264.9,0
0.53125,1264.9,1
0.53125,1264.9,1
