NaN,NaN,1
0.076538,439.41,0
0.076538,439.41,1
0.076538,439.41,1
0.076538,439.41,1
