NaN,NaN,1
0.60938,1650.2,0
0.60938,1650.2,1
0.60938,1650.2,1
0.60938,1650.2,1
0.60938,1650.2,1
0.60938,1650.2,1
0.60938,1650.2,1
