NaN,NaN,1
0.62451,3782.3,0
0.62451,3782.3,1
0.62451,3782.3,1
0.62451,3782.3,1
0.62451,3782.3,1
0.62451,3782.3,1
0.62451,3782.3,1
0.62451,3782.3,1
0.62451,3782.3,1
0.62451,3782.3,1
0.62451,3782.3,1
0.62451,3782.3,1
0.62451,3782.3,1
0.62451,3782.3,1
0.62451,3782.3,1
0.62451,3782.3,1
0.62451,3782.3,1
