NaN,NaN,1
0.61523,814.5,0
0.61523,814.5,1
0.61523,814.5,1
0.61523,814.5,1
0.61523,814.5,1
0.61523,814.5,1
0.61523,814.5,1
0.61523,814.5,1
0.61523,814.5,1
0.61523,814.5,1
0.61523,814.5,1
0.61523,814.5,1
0.61523,814.5,1
0.61523,814.5,1
0.61523,814.5,1
0.61523,814.5,1
0.61523,814.5,1
