NaN,NaN,1
0.53271,900.97,0
0.53271,900.97,1
0.53271,900.97,1
0.53271,900.97,1
0.53271,900.97,1
0.53271,900.97,1
0.53271,900.97,1
0.53271,900.97,1
