NaN,NaN,1
NaN,NaN,1
NaN,NaN,1
NaN,NaN,1
NaN,NaN,1
NaN,NaN,1
NaN,NaN,1
NaN,NaN,1
NaN,NaN,1
NaN,NaN,1
NaN,NaN,1
NaN,NaN,1
0.47681,4911.1,0
0.47681,4911.1,1
0.47681,4911.1,1
0.47681,4911.1,1
0.47681,4911.1,1
0.47681,4911.1,1
0.47681,4911.1,1
0.47681,4911.1,1
