NaN,NaN,1
0.41943,3531.1,0
0.41943,3531.1,1
0.41943,3531.1,1
0.41943,3531.1,1
0.41943,3531.1,1
0.41943,3531.1,1
0.41943,3531.1,1
0.41943,3531.1,1
0.41943,3531.1,1
0.41943,3531.1,1
0.41943,3531.1,1
0.41943,3531.1,1
0.41943,3531.1,1
0.41943,3531.1,1
0.41943,3531.1,1
