NaN,NaN,1
NaN,NaN,1
NaN,NaN,1
NaN,NaN,1
NaN,NaN,1
0.38599,511.28,0
0.38599,511.28,1
0.38599,511.28,1
0.38599,511.28,1
0.38599,511.28,1
0.38599,511.28,1
0.38599,511.28,1
0.38599,511.28,1
0.38599,511.28,1
0.38599,511.28,1
0.38599,511.28,1
0.38599,511.28,1
0.38599,511.28,1
0.38599,511.28,1
0.38599,511.28,1
0.38599,511.28,1
0.38599,511.28,1
0.38599,511.28,1
0.38599,511.28,1
0.38599,511.28,1
