NaN,NaN,1
NaN,NaN,1
NaN,NaN,1
0.14404,149.78,0
0.14404,149.78,1
0.14404,149.78,1
0.14404,149.78,1
0.14404,149.78,1
0.14404,149.78,1
0.14404,149.78,1
0.14404,149.78,1
0.14404,149.78,1
0.14404,149.78,1
0.14404,149.78,1
0.14404,149.78,1
0.14404,149.78,1
0.14404,149.78,1
0.14404,149.78,1
0.14404,149.78,1
0.14404,149.78,1
0.14404,149.78,1
0.14404,149.78,1
0.14404,149.78,1
0.14404,149.78,1
0.14404,149.78,1
0.14404,149.78,1
0.14404,149.78,1
NaN,NaN,1
NaN,NaN,1
NaN,NaN,1
