NaN,NaN,1
0.42285,377.62,0
0.42285,377.62,1
0.42285,377.62,1
0.42285,377.62,1
