NaN,NaN,1
0.12329,2263.9,0
0.12329,2263.9,1
0.12329,2263.9,1
0.12329,2263.9,1
0.12329,2263.9,1
0.12329,2263.9,1
0.12329,2263.9,1
0.12329,2263.9,1
0.12329,2263.9,1
0.12329,2263.9,1
0.12329,2263.9,1
0.12329,2263.9,1
0.12329,2263.9,1
0.12329,2263.9,1
0.12329,2263.9,1
0.12329,2263.9,1
0.12329,2263.9,1
