NaN,NaN,1
0.12164,198.84,0
0.12164,198.84,1
0.12164,198.84,1
0.12164,198.84,1
