NaN,NaN,1
0.26758,243.47,0
0.26758,243.47,1
0.26758,243.47,1
0.26758,243.47,1
0.26758,243.47,1
0.26758,243.47,1
