NaN,NaN,1
NaN,NaN,1
0.43652,2808,0
0.43652,2808,1
0.43652,2808,1
0.43652,2808,1
0.43652,2808,1
0.43652,2808,1
0.43652,2808,1
0.43652,2808,1
0.43652,2808,1
0.74121,4460.6,0
0.74121,4460.6,1
0.74121,4460.6,1
0.74121,4460.6,1
0.74121,4460.6,1
0.74121,4460.6,1
0.74121,4460.6,1
0.74121,4460.6,1
0.74121,4460.6,1
0.74121,4460.6,1
0.74121,4460.6,1
0.74121,4460.6,1
0.74121,4460.6,1
0.74121,4460.6,1
0.74121,4460.6,1
0.74121,4460.6,1
0.74121,4460.6,1
0.74121,4460.6,1
0.74121,4460.6,1
0.74121,4460.6,1
