NaN,NaN,1
0.052612,216.02,0
0.052612,216.02,1
0.052612,216.02,1
0.052612,216.02,1
0.052612,216.02,1
0.052612,216.02,1
0.052612,216.02,1
0.052612,216.02,1
0.052612,216.02,1
0.052612,216.02,1
0.052612,216.02,1
0.052612,216.02,1
0.052612,216.02,1
0.052612,216.02,1
0.052612,216.02,1
