NaN,NaN,1
NaN,NaN,1
NaN,NaN,1
0.76611,7150.4,0
0.76611,7150.4,1
