NaN,NaN,1
0.85986,546.46,0
0.85986,546.46,1
0.85986,546.46,1
0.85986,546.46,1
0.85986,546.46,1
