NaN,NaN,1
0.28638,153.98,0
0.28638,153.98,1
0.28638,153.98,1
0.28638,153.98,1
0.28638,153.98,1
0.28638,153.98,1
0.28638,153.98,1
0.28638,153.98,1
0.28638,153.98,1
0.28638,153.98,1
0.28638,153.98,1
