NaN,NaN,1
NaN,NaN,1
NaN,NaN,1
NaN,NaN,1
0.41016,2018.9,0
0.41016,2018.9,1
0.41016,2018.9,1
0.41016,2018.9,1
0.41016,2018.9,1
0.41016,2018.9,1
0.41016,2018.9,1
0.41016,2018.9,1
0.41016,2018.9,1
