NaN,NaN,1
0.69434,604.52,0
0.69434,604.52,1
