NaN,NaN,1
0.81006,390.85,0
0.81006,390.85,1
0.81006,390.85,1
0.81006,390.85,1
0.81006,390.85,1
0.81006,390.85,1
0.81006,390.85,1
