NaN,NaN,1
0.24915,650.55,0
0.24915,650.55,1
0.24915,650.55,1
0.24915,650.55,1
0.24915,650.55,1
0.24915,650.55,1
0.24915,650.55,1
0.24915,650.55,1
0.24915,650.55,1
0.24915,650.55,1
