NaN,NaN,1
0.74365,1561.9,0
0.74365,1561.9,0
