NaN,NaN,1
0.28516,275.02,0
0.28516,275.02,1
0.28516,275.02,1
0.28516,275.02,1
