NaN,NaN,1
0.20691,960.71,0
0.20691,960.71,0
0.20691,960.71,1
