NaN,NaN,1
0.22192,5925.9,0
0.22192,5925.9,1
0.22192,5925.9,1
0.22192,5925.9,1
0.22192,5925.9,1
0.22192,5925.9,1
0.22192,5925.9,1
0.22192,5925.9,1
0.22192,5925.9,1
0.22192,5925.9,1
0.22192,5925.9,1
0.22192,5925.9,1
0.22192,5925.9,1
0.22192,5925.9,1
0.22192,5925.9,1
0.22192,5925.9,1
