NaN,NaN,1
0.34985,413,0
0.34985,413,1
0.34985,413,1
