NaN,NaN,1
NaN,NaN,1
NaN,NaN,1
NaN,NaN,1
0.62744,219.02,0
0.62744,219.02,1
0.62744,219.02,1
0.62744,219.02,1
0.62744,219.02,1
0.62744,219.02,1
0.62744,219.02,1
