NaN,NaN,1
NaN,NaN,1
NaN,NaN,1
NaN,NaN,1
0.33472,403.62,0
0.33472,403.62,1
0.33472,403.62,1
0.33472,403.62,1
0.33472,403.62,1
0.33472,403.62,1
