NaN,NaN,1
0.55859,956.31,0
0.55859,956.31,1
0.55859,956.31,1
0.55859,956.31,1
0.55859,956.31,1
0.55859,956.31,1
0.55859,956.31,1
0.55859,956.31,1
0.55859,956.31,1
0.55859,956.31,1
0.55859,956.31,1
0.55859,956.31,1
0.55859,956.31,1
0.55859,956.31,1
0.55859,956.31,1
