NaN,NaN,1
0.47168,1438.2,0
0.47168,1438.2,1
0.47168,1438.2,1
0.47168,1438.2,1
0.47168,1438.2,1
0.47168,1438.2,1
0.47168,1438.2,1
0.47168,1438.2,1
0.47168,1438.2,1
0.47168,1438.2,1
0.47168,1438.2,1
0.47168,1438.2,1
0.47168,1438.2,1
0.47168,1438.2,1
0.47168,1438.2,1
0.47168,1438.2,1
0.47168,1438.2,1
0.47168,1438.2,1
0.47168,1438.2,1
0.47168,1438.2,1
0.47168,1438.2,1
