NaN,NaN,1
NaN,NaN,1
NaN,NaN,1
0.51318,5382.3,0
0.51318,5382.3,1
0.51318,5382.3,1
0.51318,5382.3,1
0.51318,5382.3,1
0.51318,5382.3,1
