NaN,NaN,1
0.63623,9990.2,0
0.63623,9990.2,1
0.63623,9990.2,1
0.63623,9990.2,1
0.63623,9990.2,1
0.63623,9990.2,1
0.63623,9990.2,1
0.63623,9990.2,1
0.63623,9990.2,1
0.63623,9990.2,1
0.63623,9990.2,1
