NaN,NaN,1
0.72314,217.51,0
0.72314,217.51,1
0.72314,217.51,1
0.72314,217.51,1
0.72314,217.51,1
0.72314,217.51,1
0.72314,217.51,1
