NaN,NaN,1
NaN,NaN,1
NaN,NaN,1
NaN,NaN,1
0.85449,2769.7,0
0.85449,2769.7,1
0.85449,2769.7,1
0.85449,2769.7,1
0.85449,2769.7,1
