NaN,NaN,1
NaN,NaN,1
NaN,NaN,1
NaN,NaN,1
NaN,NaN,1
NaN,NaN,1
0.20166,7981.5,0
0.20166,7981.5,1
0.20166,7981.5,1
0.20166,7981.5,1
