NaN,NaN,1
NaN,NaN,1
NaN,NaN,1
0.79102,500.82,0
0.79102,500.82,1
0.79102,500.82,1
0.79102,500.82,1
0.79102,500.82,1
0.79102,500.82,1
0.79102,500.82,1
0.79102,500.82,1
0.79102,500.82,1
0.79102,500.82,1
0.79102,500.82,1
0.66602,1067.6,0
