NaN,NaN,1
0.67871,2222.8,0
0.67871,2222.8,1
