NaN,NaN,1
0.43018,131.02,0
0.43018,131.02,1
0.43018,131.02,1
