NaN,NaN,1
0.51416,807.07,0
0.51416,807.07,1
0.51416,807.07,1
0.51416,807.07,1
