NaN,NaN,1
0.72461,6956.6,0
0.72461,6956.6,1
0.72461,6956.6,1
0.72461,6956.6,1
0.72461,6956.6,1
0.72461,6956.6,1
