NaN,NaN,1
0.32397,2782.4,0
0.32397,2782.4,1
0.32397,2782.4,1
0.32397,2782.4,1
0.32397,2782.4,1
0.32397,2782.4,1
