NaN,NaN,1
NaN,NaN,1
0.64111,136.26,0
0.64111,136.26,1
0.64111,136.26,1
0.64111,136.26,1
0.64111,136.26,1
0.64111,136.26,1
0.64111,136.26,1
