NaN,NaN,1
NaN,NaN,1
0.53564,220.03,0
0.53564,220.03,1
0.53564,220.03,1
0.53564,220.03,1
