NaN,NaN,1
0.79199,11728,0
0.79199,11728,1
