NaN,NaN,1
NaN,NaN,1
NaN,NaN,1
NaN,NaN,1
0.54639,7117.7,0
0.54639,7117.7,1
0.54639,7117.7,1
0.54639,7117.7,1
0.54639,7117.7,1
0.54639,7117.7,1
0.54639,7117.7,1
0.54639,7117.7,1
0.54639,7117.7,1
