NaN,NaN,1
NaN,NaN,1
0.57861,11390,0
0.57861,11390,1
0.57861,11390,1
0.57861,11390,1
0.57861,11390,1
0.57861,11390,1
