NaN,NaN,1
NaN,NaN,1
NaN,NaN,1
NaN,NaN,1
NaN,NaN,1
NaN,NaN,1
NaN,NaN,1
NaN,NaN,1
NaN,NaN,1
NaN,NaN,1
0.66064,279.48,0
0.66064,279.48,1
0.66064,279.48,1
0.66064,279.48,1
0.66064,279.48,1
0.66064,279.48,1
0.66064,279.48,1
0.66064,279.48,1
0.66064,279.48,1
0.66064,279.48,1
0.66064,279.48,1
0.66064,279.48,1
