NaN,NaN,1
0.15417,561.71,0
0.15417,561.71,1
0.15417,561.71,1
0.15417,561.71,1
0.15417,561.71,1
0.15417,561.71,1
0.15417,561.71,1
