NaN,NaN,1
0.43433,311.36,0
0.43433,311.36,1
0.43433,311.36,1
