NaN,NaN,1
NaN,NaN,1
NaN,NaN,1
NaN,NaN,1
NaN,NaN,1
NaN,NaN,1
0.11401,177.22,0
0.11401,177.22,1
0.11401,177.22,1
0.11401,177.22,1
0.11401,177.22,1
