NaN,NaN,1
0.32813,4777.9,0
0.32813,4777.9,1
0.32813,4777.9,1
0.32813,4777.9,1
