NaN,NaN,1
0.22058,460.05,0
0.22058,460.05,1
0.22058,460.05,1
0.22058,460.05,1
0.22058,460.05,1
0.22058,460.05,1
0.22058,460.05,1
0.22058,460.05,1
