NaN,NaN,1
NaN,NaN,1
NaN,NaN,1
NaN,NaN,1
NaN,NaN,1
0.76465,2284.8,0
0.76465,2284.8,1
0.76465,2284.8,1
0.76465,2284.8,1
0.76465,2284.8,1
0.76465,2284.8,1
0.76465,2284.8,1
0.93506,2682.3,0
0.93506,2682.3,1
