NaN,NaN,1
NaN,NaN,1
NaN,NaN,1
NaN,NaN,1
0.69189,467.5,0
0.69189,467.5,1
0.69189,467.5,1
0.69189,467.5,1
