NaN,NaN,1
0.16968,186,0
0.16968,186,1
0.16968,186,1
0.16968,186,1
0.16968,186,1
0.16968,186,1
0.16968,186,1
