NaN,NaN,1
NaN,NaN,1
0.21484,266.92,0
0.21484,266.92,1
0.21484,266.92,1
0.21484,266.92,1
