NaN,NaN,1
0.61621,235.21,0
0.61621,235.21,1
0.61621,235.21,1
0.61621,235.21,1
0.61621,235.21,1
0.61621,235.21,1
0.61621,235.21,1
