NaN,NaN,1
NaN,NaN,1
NaN,NaN,1
NaN,NaN,1
NaN,NaN,1
0.80347,460.25,0
0.80347,460.25,1
0.80347,460.25,1
0.80347,460.25,1
0.80347,460.25,1
0.80347,460.25,1
0.80347,460.25,1
0.80347,460.25,1
0.80347,460.25,1
0.80347,460.25,1
0.80347,460.25,1
0.80347,460.25,1
0.80347,460.25,1
0.80347,460.25,1
0.80347,460.25,1
0.80347,460.25,1
0.80347,460.25,1
0.80347,460.25,1
0.80347,460.25,1
0.80347,460.25,1
0.80347,460.25,1
0.80347,460.25,1
0.80347,460.25,1
0.80347,460.25,1
NaN,NaN,1
NaN,NaN,1
NaN,NaN,1
