NaN,NaN,1
NaN,NaN,1
NaN,NaN,1
NaN,NaN,1
NaN,NaN,1
NaN,NaN,1
NaN,NaN,1
0.53223,1062.7,0
0.53223,1062.7,1
0.53223,1062.7,1
0.53223,1062.7,1
0.53223,1062.7,1
0.53223,1062.7,1
0.53223,1062.7,1
0.53223,1062.7,1
0.53223,1062.7,1
0.53223,1062.7,1
0.53223,1062.7,1
0.53223,1062.7,1
