NaN,NaN,1
0.87451,2458.6,0
0.87451,2458.6,1
0.87451,2458.6,1
0.87451,2458.6,1
0.87451,2458.6,1
0.87451,2458.6,1
