NaN,NaN,1
NaN,NaN,1
NaN,NaN,1
0.35669,9764,0
0.35669,9764,1
0.35669,9764,1
0.35669,9764,1
0.35669,9764,1
