NaN,NaN,1
NaN,NaN,1
0.59277,297.37,0
0.59277,297.37,1
0.59277,297.37,1
0.59277,297.37,1
