NaN,NaN,1
NaN,NaN,1
0.47144,2391.9,0
0.47144,2391.9,1
