NaN,NaN,1
NaN,NaN,1
NaN,NaN,1
NaN,NaN,1
0.25195,3923.5,0
0.25195,3923.5,0
0.25195,3923.5,1
