NaN,NaN,1
NaN,NaN,1
NaN,NaN,1
0.23975,192.54,0
0.23975,192.54,1
0.23975,192.54,1
0.23975,192.54,1
0.23975,192.54,1
