NaN,NaN,1
0.60193,533.17,0
0.60193,533.17,1
0.60193,533.17,1
0.60193,533.17,1
0.60193,533.17,1
0.60193,533.17,1
