NaN,NaN,1
0.10138,1928.4,0
0.10138,1928.4,1
0.10138,1928.4,1
0.10138,1928.4,1
0.10138,1928.4,1
0.10138,1928.4,1
0.10138,1928.4,1
0.10138,1928.4,1
0.10138,1928.4,1
0.10138,1928.4,1
0.10138,1928.4,1
0.10138,1928.4,1
0.10138,1928.4,1
0.10138,1928.4,1
0.10138,1928.4,1
0.10138,1928.4,1
0.10138,1928.4,1
0.10138,1928.4,1
0.10138,1928.4,1
0.10138,1928.4,1
0.10138,1928.4,1
0.10138,1928.4,1
0.10138,1928.4,1
0.10138,1928.4,1
NaN,NaN,1
NaN,NaN,1
NaN,NaN,1
NaN,NaN,1
NaN,NaN,1
