NaN,NaN,1
NaN,NaN,1
0.85742,546.46,0
0.85742,546.46,1
