NaN,NaN,1
0.088196,6203.7,0
0.088196,6203.7,1
0.088196,6203.7,1
0.088196,6203.7,1
