NaN,NaN,1
NaN,NaN,1
0.92969,896.85,0
0.92969,896.85,1
0.92969,896.85,1
