NaN,NaN,1
NaN,NaN,1
NaN,NaN,1
NaN,NaN,1
NaN,NaN,1
0.16809,495.11,0
0.16809,495.11,1
0.16809,495.11,1
0.16809,495.11,1
0.16809,495.11,1
