NaN,NaN,1
0.65918,289.95,0
0.65918,289.95,1
0.65918,289.95,1
0.65918,289.95,1
0.65918,289.95,1
0.65918,289.95,1
0.65918,289.95,1
0.65918,289.95,1
