NaN,NaN,1
0.64014,173.98,0
0.64014,173.98,1
0.64014,173.98,1
