NaN,NaN,1
0.68652,5071.1,0
0.68652,5071.1,1
0.68652,5071.1,1
0.68652,5071.1,1
0.68652,5071.1,1
0.68652,5071.1,1
0.68652,5071.1,1
