NaN,NaN,1
0.26392,9944.5,0
0.26392,9944.5,1
0.26392,9944.5,1
0.26392,9944.5,1
