NaN,NaN,1
NaN,NaN,1
NaN,NaN,1
NaN,NaN,1
NaN,NaN,1
NaN,NaN,1
NaN,NaN,1
NaN,NaN,1
NaN,NaN,1
NaN,NaN,1
0.27832,1451.4,0
0.27832,1451.4,1
0.27832,1451.4,1
0.27832,1451.4,1
0.27832,1451.4,1
0.27832,1451.4,1
