NaN,NaN,1
0.84863,5357.7,0
0.84863,5357.7,1
