NaN,NaN,1
0.60645,1767.6,0
0.60645,1767.6,1
