NaN,NaN,1
NaN,NaN,1
NaN,NaN,1
NaN,NaN,1
0.10242,193.42,0
0.10242,193.42,1
0.10242,193.42,1
0.10242,193.42,1
0.10242,193.42,1
0.10242,193.42,1
0.10242,193.42,1
0.10242,193.42,1
0.10242,193.42,1
0.10242,193.42,1
0.10242,193.42,1
