NaN,NaN,1
0.27954,10652,0
0.27954,10652,1
0.27954,10652,1
0.27954,10652,1
0.27954,10652,1
0.27954,10652,1
0.27954,10652,1
