NaN,NaN,1
0.63794,1444.8,0
0.63794,1444.8,1
0.63794,1444.8,1
0.63794,1444.8,1
