NaN,NaN,1
NaN,NaN,1
0.91406,2966.8,0
0.91406,2966.8,1
0.91406,2966.8,1
