NaN,NaN,1
NaN,NaN,1
NaN,NaN,1
0.27026,435.39,0
0.27026,435.39,1
0.27026,435.39,1
0.27026,435.39,1
