NaN,NaN,1
NaN,NaN,1
0.096191,386.39,0
0.096191,386.39,1
0.096191,386.39,1
0.096191,386.39,1
0.096191,386.39,1
0.096191,386.39,1
0.096191,386.39,1
0.096191,386.39,1
0.096191,386.39,1
0.096191,386.39,1
0.096191,386.39,1
0.096191,386.39,1
0.096191,386.39,1
0.096191,386.39,1
0.096191,386.39,1
0.096191,386.39,1
0.096191,386.39,1
0.096191,386.39,1
0.096191,386.39,1
0.096191,386.39,1
0.096191,386.39,1
0.096191,386.39,1
0.096191,386.39,1
0.096191,386.39,1
NaN,NaN,1
NaN,NaN,1
NaN,NaN,1
