NaN,NaN,1
NaN,NaN,1
0.34717,439.41,0
0.34717,439.41,1
0.34717,439.41,1
