NaN,NaN,1
0.25024,1425,0
0.25024,1425,1
