NaN,NaN,1
0.77393,584.05,0
0.77393,584.05,1
0.77393,584.05,1
0.77393,584.05,1
0.77393,584.05,1
0.77393,584.05,1
0.77393,584.05,1
0.77393,584.05,1
0.77393,584.05,1
0.77393,584.05,1
0.77393,584.05,1
0.77393,584.05,1
0.70068,1960.1,0
0.70068,1960.1,1
0.70068,1960.1,1
0.70068,1960.1,1
0.62158,1635.1,0
0.62158,1635.1,1
0.62158,1635.1,1
0.62158,1635.1,1
0.62158,1635.1,1
0.62158,1635.1,1
