NaN,NaN,1
NaN,NaN,1
0.54639,309.22,0
0.54639,309.22,1
0.54639,309.22,1
