NaN,NaN,1
0.67676,4359.5,0
0.67676,4359.5,1
0.67676,4359.5,1
0.67676,4359.5,1
0.67676,4359.5,1
0.67676,4359.5,1
0.67676,4359.5,1
0.67676,4359.5,1
0.67676,4359.5,1
