NaN,NaN,1
NaN,NaN,1
0.56885,3887.7,0
0.56885,3887.7,1
0.56885,3887.7,1
0.56885,3887.7,1
