NaN,NaN,1
NaN,NaN,1
NaN,NaN,1
NaN,NaN,1
0.34644,226.19,0
0.34644,226.19,1
0.34644,226.19,1
0.34644,226.19,1
0.34644,226.19,1
0.34644,226.19,1
0.34644,226.19,1
0.34644,226.19,1
0.34644,226.19,1
0.34644,226.19,1
0.34644,226.19,1
0.34644,226.19,1
0.34644,226.19,1
0.34644,226.19,1
0.34644,226.19,1
0.34644,226.19,1
0.34644,226.19,1
0.34644,226.19,1
0.34644,226.19,1
0.34644,226.19,1
0.34644,226.19,1
0.34644,226.19,1
0.34644,226.19,1
0.34644,226.19,1
