NaN,NaN,1
0.61084,1833.6,0
0.61084,1833.6,1
