NaN,NaN,1
NaN,NaN,1
0.11005,138.16,0
0.11005,138.16,1
0.11005,138.16,1
0.11005,138.16,1
0.11005,138.16,1
0.11005,138.16,1
0.11005,138.16,1
0.11005,138.16,1
0.11005,138.16,1
0.11005,138.16,1
0.11005,138.16,1
0.11005,138.16,1
0.11005,138.16,1
0.11005,138.16,1
0.11005,138.16,1
0.11005,138.16,1
0.11005,138.16,1
0.11005,138.16,1
0.11005,138.16,1
0.11005,138.16,1
0.11005,138.16,1
0.11005,138.16,1
0.11005,138.16,1
