NaN,NaN,1
0.86865,4933.6,0
0.86865,4933.6,1
0.86865,4933.6,1
0.86865,4933.6,1
