NaN,NaN,1
0.52734,556.58,0
0.52734,556.58,1
0.52734,556.58,1
