NaN,NaN,1
0.86768,9944.5,0
0.86768,9944.5,1
