NaN,NaN,1
0.52295,396.28,0
0.52295,396.28,1
0.52295,396.28,1
0.52295,396.28,1
0.52295,396.28,1
0.52295,396.28,1
0.52295,396.28,1
0.52295,396.28,1
0.52295,396.28,1
0.52295,396.28,1
0.52295,396.28,1
0.52295,396.28,1
0.52295,396.28,1
0.52295,396.28,1
0.52295,396.28,1
0.52295,396.28,1
0.52295,396.28,1
0.52295,396.28,1
0.52295,396.28,1
0.52295,396.28,1
0.52295,396.28,1
0.52295,396.28,1
0.52295,396.28,1
0.52295,396.28,1
NaN,NaN,1
