NaN,NaN,1
NaN,NaN,1
NaN,NaN,1
NaN,NaN,1
NaN,NaN,1
0.80029,2142.8,0
0.80029,2142.8,1
0.80029,2142.8,1
