NaN,NaN,1
0.17578,267.54,0
0.17578,267.54,1
0.17578,267.54,1
