NaN,NaN,1
0.16614,349.26,0
0.16614,349.26,1
0.16614,349.26,1
0.16614,349.26,1
