NaN,NaN,1
NaN,NaN,1
0.061096,142.7,0
0.061096,142.7,1
0.061096,142.7,1
