NaN,NaN,1
NaN,NaN,1
NaN,NaN,1
NaN,NaN,1
0.095215,139.44,0
0.095215,139.44,1
0.095215,139.44,1
