NaN,NaN,1
NaN,NaN,1
NaN,NaN,1
NaN,NaN,1
0.14014,774.43,0
0.14014,774.43,1
0.14014,774.43,1
