NaN,NaN,1
NaN,NaN,1
0.43213,3163.3,0
0.43213,3163.3,1
0.43213,3163.3,1
0.43213,3163.3,1
0.43213,3163.3,1
0.43213,3163.3,1
0.43213,3163.3,1
