NaN,NaN,1
NaN,NaN,1
0.42261,641.66,0
0.42261,641.66,1
0.42261,641.66,1
0.42261,641.66,1
0.57568,856.65,0
