NaN,NaN,1
0.61768,589.44,0
0.61768,589.44,1
0.61768,589.44,1
0.61768,589.44,1
0.61768,589.44,1
0.61768,589.44,1
0.61768,589.44,1
0.61768,589.44,1
0.61768,589.44,1
0.56494,872.51,0
