NaN,NaN,1
0.078308,2458.6,0
0.078308,2458.6,1
0.078308,2458.6,1
0.078308,2458.6,1
