NaN,NaN,1
0.54492,511.28,0
0.54492,511.28,1
0.54492,511.28,1
0.54492,511.28,1
0.54492,511.28,1
0.54492,511.28,1
0.54492,511.28,1
0.54492,511.28,1
0.54492,511.28,1
0.54492,511.28,1
