NaN,NaN,1
NaN,NaN,1
0.93359,807.07,0
0.93359,807.07,1
0.93359,807.07,1
