NaN,NaN,1
NaN,NaN,1
NaN,NaN,1
NaN,NaN,1
NaN,NaN,1
NaN,NaN,1
NaN,NaN,1
NaN,NaN,1
NaN,NaN,1
NaN,NaN,1
0.075623,736.33,0
0.075623,736.33,0
0.075623,736.33,1
0.075623,736.33,1
0.075623,736.33,1
