NaN,NaN,1
NaN,NaN,1
0.17154,418.58,0
0.17154,418.58,1
0.17154,418.58,1
