NaN,NaN,1
NaN,NaN,1
0.33276,244.59,0
0.33276,244.59,1
0.33276,244.59,1
