NaN,NaN,1
0.77832,12677,0
0.77832,12677,1
0.77832,12677,1
0.77832,12677,1
0.77832,12677,1
