NaN,NaN,1
0.64307,13517,0
0.64307,13517,1
