NaN,NaN,1
0.87256,913.45,0
0.87256,913.45,1
0.87256,913.45,1
