NaN,NaN,1
0.10248,167.3,0
0.10248,167.3,1
0.10248,167.3,1
0.10248,167.3,1
0.10248,167.3,1
