NaN,NaN,1
NaN,NaN,1
NaN,NaN,1
NaN,NaN,1
NaN,NaN,1
NaN,NaN,1
NaN,NaN,1
NaN,NaN,1
0.26099,478.36,0
0.26099,478.36,1
0.26099,478.36,1
0.26099,478.36,1
0.26099,478.36,1
0.26099,478.36,1
0.26099,478.36,1
0.26099,478.36,1
