NaN,NaN,1
NaN,NaN,1
0.18445,943.25,0
0.18445,943.25,1
0.18445,943.25,1
0.18445,943.25,1
0.18445,943.25,1
0.18445,943.25,1
0.18445,943.25,1
0.18445,943.25,1
0.18445,943.25,1
