NaN,NaN,1
NaN,NaN,1
NaN,NaN,1
NaN,NaN,1
NaN,NaN,1
NaN,NaN,1
NaN,NaN,1
0.57373,8787.5,0
0.57373,8787.5,1
0.57373,8787.5,1
0.57373,8787.5,1
0.57373,8787.5,1
0.57373,8787.5,1
0.57373,8787.5,1
