NaN,NaN,1
0.072083,111.21,0
0.072083,111.21,1
0.072083,111.21,1
