NaN,NaN,1
NaN,NaN,1
NaN,NaN,1
NaN,NaN,1
0.41016,161.99,0
0.41016,161.99,1
0.41016,161.99,1
0.41016,161.99,1
0.41016,161.99,1
0.41016,161.99,1
0.41016,161.99,1
0.41016,161.99,1
0.41016,161.99,1
0.41016,161.99,1
0.41016,161.99,1
0.41016,161.99,1
0.41016,161.99,1
0.41016,161.99,1
