NaN,NaN,1
0.53564,22683,0
0.53564,22683,1
0.53564,22683,1
0.53564,22683,1
0.53564,22683,1
0.53564,22683,1
0.53564,22683,1
0.53564,22683,1
0.53564,22683,1
0.53564,22683,1
0.53564,22683,1
0.53564,22683,1
0.53564,22683,1
0.53564,22683,1
0.53564,22683,1
0.53564,22683,1
0.53564,22683,1
0.53564,22683,1
0.53564,22683,1
0.53564,22683,1
0.53564,22683,1
0.53564,22683,1
0.53564,22683,1
0.53564,22683,1
NaN,NaN,1
NaN,NaN,1
NaN,NaN,1
NaN,NaN,1
NaN,NaN,1
NaN,NaN,1
NaN,NaN,1
