NaN,NaN,1
NaN,NaN,1
0.23193,1019.7,0
0.23193,1019.7,1
0.23193,1019.7,1
0.23193,1019.7,1
0.23193,1019.7,1
0.23193,1019.7,1
