NaN,NaN,1
0.79053,45301,0
0.79053,45301,1
0.79053,45301,1
0.79053,45301,1
0.79053,45301,1
0.79053,45301,1
0.79053,45301,1
0.79053,45301,1
0.79053,45301,1
0.79053,45301,1
0.79053,45301,1
0.79053,45301,1
0.79053,45301,1
0.79053,45301,1
0.79053,45301,1
0.79053,45301,1
0.79053,45301,1
0.79053,45301,1
0.79053,45301,1
0.79053,45301,1
0.79053,45301,1
0.79053,45301,1
0.79053,45301,1
0.79053,45301,1
NaN,NaN,1
NaN,NaN,1
NaN,NaN,1
NaN,NaN,1
NaN,NaN,1
NaN,NaN,1
NaN,NaN,1
