NaN,NaN,1
NaN,NaN,1
NaN,NaN,1
0.31006,9674.9,0
0.31006,9674.9,1
0.31006,9674.9,1
0.31006,9674.9,1
0.31006,9674.9,1
0.31006,9674.9,1
0.31006,9674.9,1
0.31006,9674.9,1
