NaN,NaN,1
NaN,NaN,1
0.71533,8055,0
0.71533,8055,1
