NaN,NaN,1
NaN,NaN,1
NaN,NaN,1
NaN,NaN,1
0.30518,896.85,0
0.30518,896.85,1
0.30518,896.85,1
0.30518,896.85,1
0.30518,896.85,1
