NaN,NaN,1
NaN,NaN,1
NaN,NaN,1
NaN,NaN,1
0.55957,4481,0
0.55957,4481,1
0.55957,4481,1
0.55957,4481,1
