NaN,NaN,1
0.12177,74.327,0
0.12177,74.327,1
0.12177,74.327,1
