NaN,NaN,1
0.77441,860.59,0
0.77441,860.59,1
0.77441,860.59,1
0.77441,860.59,1
