NaN,NaN,1
NaN,NaN,1
0.20142,1471.5,0
0.20142,1471.5,1
0.20142,1471.5,1
0.20142,1471.5,1
0.20142,1471.5,1
0.20142,1471.5,1
