NaN,NaN,1
0.63721,359.84,0
0.63721,359.84,1
0.63721,359.84,1
