NaN,NaN,1
NaN,NaN,1
NaN,NaN,1
NaN,NaN,1
0.69922,1097.3,0
0.69922,1097.3,1
0.69922,1097.3,1
0.69922,1097.3,1
0.69922,1097.3,1
