NaN,NaN,1
NaN,NaN,1
0.40698,281.41,0
0.40698,281.41,1
