NaN,NaN,1
0.26611,2402.9,0
0.26611,2402.9,1
0.26611,2402.9,1
0.26611,2402.9,1
0.26611,2402.9,1
0.26611,2402.9,1
0.26611,2402.9,1
0.26611,2402.9,1
0.26611,2402.9,1
0.26611,2402.9,1
0.26611,2402.9,1
0.26611,2402.9,1
0.26611,2402.9,1
0.26611,2402.9,1
0.26611,2402.9,1
0.26611,2402.9,1
