NaN,NaN,1
NaN,NaN,1
NaN,NaN,1
NaN,NaN,1
NaN,NaN,1
NaN,NaN,1
0.26709,188.59,0
0.26709,188.59,1
0.26709,188.59,1
0.26709,188.59,1
