NaN,NaN,1
0.89624,10623,0
0.72314,2305.8,0
0.72314,2305.8,1
0.72314,2305.8,1
0.72314,2305.8,1
0.72314,2305.8,1
0.72314,2305.8,1
0.72314,2305.8,1
