NaN,NaN,1
NaN,NaN,1
0.32349,542.71,0
0.32349,542.71,1
0.32349,542.71,1
0.32349,542.71,1
0.32349,542.71,1
0.32349,542.71,1
0.32349,542.71,1
0.32349,542.71,1
