NaN,NaN,1
0.82031,6347.5,0
0.82031,6347.5,1
