NaN,NaN,1
NaN,NaN,1
0.51123,647.57,0
0.51123,647.57,1
