NaN,NaN,1
0.35547,244.03,0
0.35547,244.03,1
