NaN,NaN,1
NaN,NaN,1
0.10852,87.223,0
0.10852,87.223,1
0.10852,87.223,1
0.10852,87.223,1
0.10852,87.223,1
0.10852,87.223,1
