NaN,NaN,1
0.75537,1635.1,0
0.75537,1635.1,1
0.75537,1635.1,1
0.75537,1635.1,1
0.75537,1635.1,1
0.75537,1635.1,1
0.75537,1635.1,1
0.75537,1635.1,1
0.75537,1635.1,1
0.75537,1635.1,1
0.75537,1635.1,1
0.75537,1635.1,1
0.75537,1635.1,1
0.75537,1635.1,1
0.75537,1635.1,1
0.75537,1635.1,1
0.75537,1635.1,1
0.75537,1635.1,1
0.75537,1635.1,1
0.75537,1635.1,1
0.75537,1635.1,1
