NaN,NaN,1
NaN,NaN,1
NaN,NaN,1
0.41187,992.05,0
0.41187,992.05,1
0.41187,992.05,1
0.41187,992.05,1
0.41187,992.05,1
0.41187,992.05,1
0.41187,992.05,1
