NaN,NaN,1
NaN,NaN,1
0.15625,3221.9,0
0.15625,3221.9,1
