NaN,NaN,1
0.66748,7349.7,0
0.66748,7349.7,1
