NaN,NaN,1
NaN,NaN,1
NaN,NaN,1
NaN,NaN,1
NaN,NaN,1
NaN,NaN,1
NaN,NaN,1
NaN,NaN,1
NaN,NaN,1
NaN,NaN,1
NaN,NaN,1
NaN,NaN,1
NaN,NaN,1
0.85547,372.45,0
0.85547,372.45,1
0.85547,372.45,1
0.85547,372.45,1
0.85547,372.45,1
0.85547,372.45,1
0.85547,372.45,1
0.85547,372.45,1
0.85547,372.45,1
0.85547,372.45,1
0.85547,372.45,1
0.85547,372.45,1
