NaN,NaN,1
NaN,NaN,1
NaN,NaN,1
NaN,NaN,1
NaN,NaN,1
NaN,NaN,1
0.30762,9199.4,0
0.30762,9199.4,1
0.30762,9199.4,1
0.30762,9199.4,1
0.30762,9199.4,1
0.30762,9199.4,1
0.30762,9199.4,1
