NaN,NaN,1
NaN,NaN,1
0.84717,1133.1,0
0.84717,1133.1,1
0.84717,1133.1,1
0.84717,1133.1,1
0.84717,1133.1,1
0.84717,1133.1,1
0.84717,1133.1,1
0.84717,1133.1,1
0.84717,1133.1,1
0.84717,1133.1,1
0.84717,1133.1,1
