NaN,NaN,1
NaN,NaN,1
NaN,NaN,1
0.42969,529.18,0
0.42969,529.18,1
0.42969,529.18,1
0.42969,529.18,1
0.42969,529.18,1
0.42969,529.18,1
0.42969,529.18,1
