NaN,NaN,1
0.66406,2402.9,0
0.66406,2402.9,1
