NaN,NaN,1
NaN,NaN,1
NaN,NaN,1
NaN,NaN,1
0.47607,2436.2,0
0.47607,2436.2,1
0.47607,2436.2,1
0.47607,2436.2,1
0.47607,2436.2,1
0.47607,2436.2,1
