NaN,NaN,1
0.79834,690.53,0
0.79834,690.53,1
0.79834,690.53,1
