NaN,NaN,1
NaN,NaN,1
NaN,NaN,1
NaN,NaN,1
0.47192,1010.4,0
0.47192,1010.4,1
0.47192,1010.4,1
