NaN,NaN,1
0.85986,6318.5,0
0.85986,6318.5,1
