NaN,NaN,1
0.20667,1062.7,0
0.20667,1062.7,1
0.20667,1062.7,1
0.20667,1062.7,1
0.20667,1062.7,1
