NaN,NaN,1
0.87915,1554.4,0
0.87915,1554.4,1
0.87915,1554.4,1
0.87915,1554.4,1
0.87915,1554.4,1
0.87915,1554.4,1
0.87915,1554.4,1
0.87915,1554.4,1
0.87915,1554.4,1
