NaN,NaN,1
0.46436,227.23,0
0.46436,227.23,1
0.46436,227.23,1
0.46436,227.23,1
0.46436,227.23,1
