NaN,NaN,1
NaN,NaN,1
0.51953,1300.2,0
0.51953,1300.2,1
0.51953,1300.2,1
0.51953,1300.2,1
0.51953,1300.2,1
0.51953,1300.2,1
0.51953,1300.2,1
0.51953,1300.2,1
0.51953,1300.2,1
0.51953,1300.2,1
0.51953,1300.2,1
0.51953,1300.2,1
0.51953,1300.2,1
0.51953,1300.2,1
0.51953,1300.2,1
0.51953,1300.2,1
0.51953,1300.2,1
0.51953,1300.2,1
0.51953,1300.2,1
0.51953,1300.2,1
0.51953,1300.2,1
0.51953,1300.2,1
0.51953,1300.2,1
0.51953,1300.2,1
NaN,NaN,1
