NaN,NaN,1
0.40332,8827.9,0
0.40332,8827.9,1
0.40332,8827.9,1
0.40332,8827.9,1
0.40332,8827.9,1
0.40332,8827.9,1
0.40332,8827.9,1
0.40332,8827.9,1
0.40332,8827.9,1
0.40332,8827.9,1
0.40332,8827.9,1
0.40332,8827.9,1
0.40332,8827.9,1
0.40332,8827.9,1
0.40332,8827.9,1
