NaN,NaN,1
0.51758,4164.3,0
0.51758,4164.3,1
0.51758,4164.3,1
0.51758,4164.3,1
0.51758,4164.3,1
