NaN,NaN,1
0.78516,1024.4,0
0.78516,1024.4,1
