NaN,NaN,1
0.10303,400.85,0
0.10303,400.85,1
