NaN,NaN,1
0.36035,1928.4,0
0.36035,1928.4,1
0.36035,1928.4,1
0.36035,1928.4,1
0.36035,1928.4,1
0.36035,1928.4,1
0.36035,1928.4,1
0.36035,1928.4,1
0.36035,1928.4,1
0.36035,1928.4,1
0.36035,1928.4,1
0.36035,1928.4,1
0.36035,1928.4,1
0.36035,1928.4,1
0.36035,1928.4,1
0.36035,1928.4,1
0.36035,1928.4,1
