NaN,NaN,1
NaN,NaN,1
NaN,NaN,1
0.27661,6614.7,0
0.27661,6614.7,1
