NaN,NaN,1
0.29248,864.54,0
0.29248,864.54,1
0.29248,864.54,1
0.29248,864.54,1
