NaN,NaN,1
0.81836,1431.6,0
0.81836,1431.6,1
0.81836,1431.6,1
0.81836,1431.6,1
0.81836,1431.6,1
0.81836,1431.6,1
0.81836,1431.6,1
0.81836,1431.6,1
0.81836,1431.6,1
0.81836,1431.6,1
0.81836,1431.6,1
0.81836,1431.6,1
0.81836,1431.6,1
0.81836,1431.6,1
0.81836,1431.6,1
0.81836,1431.6,1
0.81836,1431.6,1
0.81836,1431.6,1
0.81836,1431.6,1
0.81836,1431.6,1
0.81836,1431.6,1
0.81836,1431.6,1
0.81836,1431.6,1
0.81836,1431.6,1
NaN,NaN,1
NaN,NaN,1
NaN,NaN,1
