NaN,NaN,1
0.89453,7908.7,0
0.89453,7908.7,1
0.89453,7908.7,1
0.74707,2233,0
0.74707,2233,1
0.74707,2233,1
0.74707,2233,1
