NaN,NaN,1
NaN,NaN,1
0.87451,1373.7,0
0.87451,1373.7,1
0.87451,1373.7,1
0.87451,1373.7,1
