NaN,NaN,1
NaN,NaN,1
NaN,NaN,1
NaN,NaN,1
0.61487,492.85,0
0.61487,492.85,1
0.61487,492.85,1
0.61487,492.85,1
0.61487,492.85,1
0.61487,492.85,1
0.61487,492.85,1
0.61487,492.85,1
