NaN,NaN,1
0.42273,2459.2,0
0.42273,2459.2,1
0.42273,2459.2,1
0.42273,2459.2,1
0.42273,2459.2,1
0.42273,2459.2,1
0.42273,2459.2,1
0.42273,2459.2,1
