NaN,NaN,1
0.76709,287.96,0
0.76709,287.96,1
0.76709,287.96,1
0.76709,287.96,1
