NaN,NaN,1
0.39844,799.7,0
0.39844,799.7,1
0.39844,799.7,1
0.39844,799.7,1
