NaN,NaN,1
0.52344,5047.9,0
0.52344,5047.9,1
0.52344,5047.9,1
0.52344,5047.9,1
0.52344,5047.9,1
0.52344,5047.9,1
0.52344,5047.9,1
0.52344,5047.9,1
