NaN,NaN,1
0.30347,315.68,0
0.30347,315.68,1
0.30347,315.68,1
0.30347,315.68,1
0.30347,315.68,1
0.30347,315.68,1
0.30347,315.68,1
0.30347,315.68,1
0.30347,315.68,1
0.30347,315.68,1
0.30347,315.68,1
0.30347,315.68,1
0.30347,315.68,1
0.30347,315.68,1
0.30347,315.68,1
0.30347,315.68,1
0.30347,315.68,1
0.30347,315.68,1
0.30347,315.68,1
0.30347,315.68,1
0.30347,315.68,1
0.30347,315.68,1
