NaN,NaN,1
NaN,NaN,1
NaN,NaN,1
0.53906,222.06,0
0.53906,222.06,1
0.53906,222.06,1
0.53906,222.06,1
0.53906,222.06,1
0.53906,222.06,1
0.53906,222.06,1
0.53906,222.06,1
0.53906,222.06,1
0.53906,222.06,1
0.53906,222.06,1
0.53906,222.06,1
0.53906,222.06,1
0.53906,222.06,1
0.53906,222.06,1
0.53906,222.06,1
0.53906,222.06,1
0.53906,222.06,1
0.53906,222.06,1
0.53906,222.06,1
0.53906,222.06,1
0.53906,222.06,1
0.53906,222.06,1
0.53906,222.06,1
NaN,NaN,1
NaN,NaN,1
NaN,NaN,1
NaN,NaN,1
NaN,NaN,1
