NaN,NaN,1
0.22412,852.73,0
0.22412,852.73,1
0.22412,852.73,1
0.22412,852.73,1
0.22412,852.73,1
0.22412,852.73,1
0.22412,852.73,1
0.22412,852.73,1
