NaN,NaN,1
NaN,NaN,1
NaN,NaN,1
0.80957,965.13,0
0.80957,965.13,1
0.80957,965.13,1
0.80957,965.13,1
0.80957,965.13,1
0.80957,965.13,1
