NaN,NaN,1
NaN,NaN,1
0.34985,2820.9,0
0.34985,2820.9,1
0.34985,2820.9,1
0.34985,2820.9,1
0.34985,2820.9,1
0.34985,2820.9,1
