NaN,NaN,1
NaN,NaN,1
0.81641,14545,0
0.81641,14545,1
0.81641,14545,1
0.81641,14545,1
0.81641,14545,1
0.81641,14545,1
0.81641,14545,1
0.81641,14545,1
