NaN,NaN,1
0.58398,244.59,0
0.58398,244.59,1
0.58398,244.59,1
