NaN,NaN,1
0.56201,189.46,0
0.56201,189.46,1
0.56201,189.46,1
0.56201,189.46,1
0.56201,189.46,1
