NaN,NaN,1
NaN,NaN,1
NaN,NaN,1
0.65137,659.56,0
0.65137,659.56,1
0.65137,659.56,1
