NaN,NaN,1
NaN,NaN,1
0.69043,1946.2,0
0.69043,1946.2,1
0.69043,1946.2,1
0.69043,1946.2,1
0.69043,1946.2,1
