NaN,NaN,1
0.82227,1202.7,0
0.82227,1202.7,1
0.82227,1202.7,1
0.82227,1202.7,1
0.82227,1202.7,1
0.82227,1202.7,1
0.82227,1202.7,1
0.82227,1202.7,1
0.82227,1202.7,1
