NaN,NaN,1
0.69971,1491.9,0
0.69971,1491.9,1
