NaN,NaN,1
0.69531,3782.3,0
0.69531,3782.3,1
0.69531,3782.3,1
0.69531,3782.3,1
