NaN,NaN,1
0.28125,1122.8,0
0.28125,1122.8,1
0.28125,1122.8,1
0.28125,1122.8,1
0.28125,1122.8,1
0.28125,1122.8,1
0.28125,1122.8,1
0.28125,1122.8,1
0.28125,1122.8,1
0.28125,1122.8,1
0.28125,1122.8,1
0.28125,1122.8,1
0.28125,1122.8,1
0.28125,1122.8,1
0.28125,1122.8,1
0.28125,1122.8,1
0.28125,1122.8,1
0.28125,1122.8,1
