NaN,NaN,1
0.47656,529.18,0
0.47656,529.18,1
0.47656,529.18,1
0.47656,529.18,1
0.47656,529.18,1
0.47656,529.18,1
0.47656,529.18,1
0.47656,529.18,1
0.47656,529.18,1
0.47656,529.18,1
0.47656,529.18,1
0.47656,529.18,1
