NaN,NaN,1
0.65479,7554.5,0
0.65479,7554.5,1
0.65479,7554.5,1
0.65479,7554.5,1
0.65479,7554.5,1
