NaN,NaN,1
0.66797,1650.2,0
0.66797,1650.2,1
0.66797,1650.2,1
0.66797,1650.2,1
0.66797,1650.2,1
