NaN,NaN,1
NaN,NaN,1
0.88232,11836,0
0.88232,11836,1
0.88232,11836,1
0.88232,11836,1
0.88232,11836,1
0.88232,11836,1
0.88232,11836,1
