NaN,NaN,1
0.47217,1405.6,0
0.47217,1405.6,1
0.47217,1405.6,1
0.47217,1405.6,1
0.47217,1405.6,1
0.47217,1405.6,1
0.47217,1405.6,1
0.47217,1405.6,1
0.47217,1405.6,1
0.47217,1405.6,1
0.47217,1405.6,1
