NaN,NaN,1
0.79297,2621.5,0
0.79297,2621.5,1
