NaN,NaN,1
0.26245,624.23,0
0.26245,624.23,1
0.26245,624.23,1
0.26245,624.23,1
0.26245,624.23,1
0.26245,624.23,1
0.26245,624.23,1
