NaN,NaN,1
0.59229,969.56,0
0.59229,969.56,1
0.59229,969.56,1
0.59229,969.56,1
0.59229,969.56,1
0.59229,969.56,1
0.59229,969.56,1
0.59229,969.56,1
0.59229,969.56,1
0.59229,969.56,1
0.59229,969.56,1
0.59229,969.56,1
0.59229,969.56,1
0.59229,969.56,1
0.59229,969.56,1
0.59229,969.56,1
0.59229,969.56,1
0.59229,969.56,1
0.59229,969.56,1
0.59229,969.56,1
0.59229,969.56,1
0.59229,969.56,1
0.59229,969.56,1
0.59229,969.56,1
NaN,NaN,1
NaN,NaN,1
