NaN,NaN,1
NaN,NaN,1
0.50891,147.87,0
0.50891,147.87,1
0.50891,147.87,1
0.50891,147.87,1
0.50891,147.87,1
0.50891,147.87,1
0.50891,147.87,1
