NaN,NaN,1
NaN,NaN,1
NaN,NaN,1
NaN,NaN,1
NaN,NaN,1
NaN,NaN,1
0.39655,237.84,0
0.39655,237.84,1
0.39655,237.84,1
0.39655,237.84,1
