NaN,NaN,1
NaN,NaN,1
NaN,NaN,1
NaN,NaN,1
NaN,NaN,1
NaN,NaN,1
0.62598,307.09,0
0.62598,307.09,1
0.62598,307.09,1
0.62598,307.09,1
0.62598,307.09,1
0.62598,307.09,1
