NaN,NaN,1
0.88379,739.71,0
0.88379,739.71,1
0.88379,739.71,1
0.88379,739.71,1
0.88379,739.71,1
