NaN,NaN,1
0.64648,1276.6,0
0.64648,1276.6,1
0.64648,1276.6,1
0.64648,1276.6,1
0.64648,1276.6,1
0.64648,1276.6,1
0.64648,1276.6,1
0.64648,1276.6,1
0.64648,1276.6,1
0.64648,1276.6,1
0.64648,1276.6,1
0.64648,1276.6,1
0.64648,1276.6,1
