NaN,NaN,1
NaN,NaN,1
NaN,NaN,1
0.22888,624.23,0
0.22888,624.23,1
0.22888,624.23,1
0.22888,624.23,1
0.22888,624.23,1
0.22888,624.23,1
