NaN,NaN,1
0.17908,286.64,0
0.17908,286.64,1
0.17908,286.64,1
0.17908,286.64,1
0.17908,286.64,1
0.17908,286.64,1
0.17908,286.64,1
0.17908,286.64,1
0.17908,286.64,1
