NaN,NaN,1
NaN,NaN,1
0.43091,677.97,0
0.43091,677.97,1
0.43091,677.97,1
0.43091,677.97,1
0.43091,677.97,1
0.43091,677.97,1
0.43091,677.97,1
0.43091,677.97,1
0.43091,677.97,1
