NaN,NaN,1
NaN,NaN,1
NaN,NaN,1
0.32153,687.37,0
0.32153,687.37,1
0.32153,687.37,1
0.32153,687.37,1
0.32153,687.37,1
0.32153,687.37,1
0.32153,687.37,1
0.32153,687.37,1
0.32153,687.37,1
0.32153,687.37,1
