NaN,NaN,1
NaN,NaN,1
NaN,NaN,1
0.17505,97.927,0
0.17505,97.927,1
