NaN,NaN,1
NaN,NaN,1
0.90308,895.46,0
0.90308,895.46,1
0.90308,895.46,1
0.90308,895.46,1
0.90308,895.46,1
0.90308,895.46,1
0.90308,895.46,1
0.90308,895.46,1
0.90308,895.46,1
0.90308,895.46,1
