NaN,NaN,1
NaN,NaN,1
0.37769,233.06,0
0.37769,233.06,1
0.37769,233.06,1
0.37769,233.06,1
0.37769,233.06,1
