NaN,NaN,1
0.53418,982.99,0
0.53418,982.99,1
0.53418,982.99,1
0.53418,982.99,1
0.53418,982.99,1
0.53418,982.99,1
0.53418,982.99,1
0.53418,982.99,1
