NaN,NaN,1
NaN,NaN,1
0.082397,29451,0
0.082397,29451,1
0.082397,29451,1
0.082397,29451,1
0.082397,29451,1
0.082397,29451,1
0.082397,29451,1
0.082397,29451,1
0.082397,29451,1
0.082397,29451,1
0.082397,29451,1
0.082397,29451,1
0.082397,29451,1
0.082397,29451,1
0.082397,29451,1
0.082397,29451,1
0.082397,29451,1
0.082397,29451,1
0.082397,29451,1
0.082397,29451,1
0.082397,29451,1
0.082397,29451,1
0.082397,29451,1
0.082397,29451,1
NaN,NaN,1
NaN,NaN,1
NaN,NaN,1
NaN,NaN,1
NaN,NaN,1
NaN,NaN,1
NaN,NaN,1
