NaN,NaN,1
0.55859,4260.8,0
0.55859,4260.8,1
0.55859,4260.8,1
0.55859,4260.8,1
0.55859,4260.8,1
0.55859,4260.8,1
0.55859,4260.8,1
0.55859,4260.8,1
0.55859,4260.8,1
0.55859,4260.8,1
0.55859,4260.8,1
0.55859,4260.8,1
