NaN,NaN,1
NaN,NaN,1
NaN,NaN,1
NaN,NaN,1
NaN,NaN,1
NaN,NaN,1
NaN,NaN,1
NaN,NaN,1
NaN,NaN,1
NaN,NaN,1
NaN,NaN,1
NaN,NaN,1
0.64063,1236.3,0
0.64063,1236.3,1
0.64063,1236.3,1
0.64063,1236.3,1
0.64063,1236.3,1
0.64063,1236.3,1
0.64063,1236.3,1
0.64063,1236.3,1
0.64063,1236.3,1
0.64063,1236.3,1
