NaN,NaN,1
NaN,NaN,1
NaN,NaN,1
NaN,NaN,1
NaN,NaN,1
NaN,NaN,1
NaN,NaN,1
NaN,NaN,1
NaN,NaN,1
NaN,NaN,1
NaN,NaN,1
0.57568,148.4,0
0.57568,148.4,1
0.57568,148.4,1
0.57568,148.4,1
0.57568,148.4,1
0.57568,148.4,1
0.57568,148.4,1
0.57568,148.4,1
0.57568,148.4,1
0.57568,148.4,1
0.57568,148.4,1
0.57568,148.4,1
0.57568,148.4,1
0.57568,148.4,1
0.57568,148.4,1
0.57568,148.4,1
0.57568,148.4,1
