NaN,NaN,1
0.39429,179.27,0
0.39429,179.27,1
0.39429,179.27,1
0.39429,179.27,1
