NaN,NaN,1
0.21521,267.54,0
0.21521,267.54,1
0.21521,267.54,1
0.21521,267.54,1
0.21521,267.54,1
0.21521,267.54,1
