NaN,NaN,1
0.25195,1498.7,0
0.25195,1498.7,1
0.25195,1498.7,1
0.25195,1498.7,1
0.25195,1498.7,1
0.25195,1498.7,1
0.25195,1498.7,1
0.25195,1498.7,1
0.25195,1498.7,1
0.25195,1498.7,1
0.25195,1498.7,1
0.25195,1498.7,1
0.25195,1498.7,1
0.25195,1498.7,1
0.25195,1498.7,1
0.25195,1498.7,1
0.25195,1498.7,1
0.25195,1498.7,1
0.25195,1498.7,1
0.25195,1498.7,1
0.25195,1498.7,1
0.25195,1498.7,1
0.25195,1498.7,1
0.25195,1498.7,1
NaN,NaN,1
NaN,NaN,1
NaN,NaN,1
NaN,NaN,1
