NaN,NaN,1
0.69141,349.26,0
0.69141,349.26,1
0.69141,349.26,1
0.69141,349.26,1
0.51465,1213.8,0
