NaN,NaN,1
NaN,NaN,1
NaN,NaN,1
0.33008,131.93,0
0.33008,131.93,1
0.33008,131.93,1
0.33008,131.93,1
0.33008,131.93,1
0.33008,131.93,1
0.33008,131.93,1
