NaN,NaN,1
NaN,NaN,1
NaN,NaN,1
0.84912,31982,0
0.84912,31982,1
0.84912,31982,1
0.84912,31982,1
0.84912,31982,1
0.84912,31982,1
0.84912,31982,1
0.84912,31982,1
0.84912,31982,1
