NaN,NaN,1
0.80322,6119,0
0.80322,6119,1
0.80322,6119,1
0.80322,6119,1
0.80322,6119,1
0.80322,6119,1
0.80322,6119,1
0.80322,6119,1
0.80322,6119,1
0.80322,6119,1
