NaN,NaN,1
0.59375,576.07,0
0.59375,576.07,1
0.59375,576.07,1
