NaN,NaN,1
0.31543,1241.9,0
0.31543,1241.9,1
0.31543,1241.9,1
0.31543,1241.9,1
