NaN,NaN,1
NaN,NaN,1
NaN,NaN,1
NaN,NaN,1
NaN,NaN,1
0.17151,322.27,0
0.17151,322.27,1
0.17151,322.27,1
0.17151,322.27,1
0.17151,322.27,1
0.17151,322.27,1
0.17151,322.27,1
