NaN,NaN,1
0.76172,1062.7,0
0.76172,1062.7,1
0.76172,1062.7,1
0.76172,1062.7,1
0.76172,1062.7,1
0.76172,1062.7,1
0.76172,1062.7,1
0.76172,1062.7,1
