NaN,NaN,1
NaN,NaN,1
NaN,NaN,1
NaN,NaN,1
NaN,NaN,1
NaN,NaN,1
NaN,NaN,1
NaN,NaN,1
NaN,NaN,1
NaN,NaN,1
NaN,NaN,1
0.56152,1154.1,0
0.56152,1154.1,0
0.56152,1154.1,1
0.56152,1154.1,1
0.56152,1154.1,1
0.56152,1154.1,1
0.56152,1154.1,1
0.56152,1154.1,1
