NaN,NaN,1
NaN,NaN,1
0.89551,807.07,0
0.89551,807.07,1
0.89551,807.07,1
0.89551,807.07,1
0.89551,807.07,1
