NaN,NaN,1
0.37695,262.66,0
0.37695,262.66,1
