NaN,NaN,1
0.081665,3077.6,0
0.081665,3077.6,1
0.081665,3077.6,1
0.081665,3077.6,1
0.081665,3077.6,1
0.081665,3077.6,1
0.081665,3077.6,1
0.081665,3077.6,1
0.081665,3077.6,1
0.081665,3077.6,1
0.081665,3077.6,1
0.081665,3077.6,1
0.081665,3077.6,1
0.081665,3077.6,1
0.081665,3077.6,1
0.081665,3077.6,1
0.081665,3077.6,1
0.081665,3077.6,1
0.081665,3077.6,1
0.081665,3077.6,1
