NaN,NaN,1
0.63135,1635.5,0
0.63135,1635.5,1
0.63135,1635.5,1
0.63135,1635.5,1
0.63135,1635.5,1
0.63135,1635.5,1
0.63135,1635.5,1
0.63135,1635.5,1
0.63135,1635.5,1
