NaN,NaN,1
0.46777,4522.3,0
0.46777,4522.3,1
0.46777,4522.3,1
0.46777,4522.3,1
0.46777,4522.3,1
0.46777,4522.3,1
