NaN,NaN,1
0.78223,3134.5,0
0.78223,3134.5,1
0.78223,3134.5,1
0.78223,3134.5,1
0.78223,3134.5,1
0.78223,3134.5,1
0.78223,3134.5,1
0.78223,3134.5,1
0.78223,3134.5,1
