NaN,NaN,1
NaN,NaN,1
NaN,NaN,1
0.82275,3747.8,0
0.82275,3747.8,1
0.82275,3747.8,1
