NaN,NaN,1
0.90332,888.66,0
0.90332,888.66,1
0.90332,888.66,1
0.90332,888.66,1
0.90332,888.66,1
0.90332,888.66,1
