NaN,NaN,1
NaN,NaN,1
NaN,NaN,1
NaN,NaN,1
NaN,NaN,1
NaN,NaN,1
NaN,NaN,1
0.36743,763.85,0
0.36743,763.85,1
0.36743,763.85,1
0.36743,763.85,1
0.36743,763.85,1
0.36743,763.85,1
0.36743,763.85,1
0.36743,763.85,1
0.36743,763.85,1
0.36743,763.85,1
0.36743,763.85,1
0.36743,763.85,1
0.36743,763.85,1
0.36743,763.85,1
0.36743,763.85,1
0.36743,763.85,1
0.36743,763.85,1
0.36743,763.85,1
0.36743,763.85,1
