NaN,NaN,1
0.68457,848.83,0
0.68457,848.83,1
0.68457,848.83,1
0.68457,848.83,1
0.68457,848.83,1
0.68457,848.83,1
0.68457,848.83,1
0.68457,848.83,1
0.68457,848.83,1
0.68457,848.83,1
0.68457,848.83,1
0.68457,848.83,1
0.68457,848.83,1
0.68457,848.83,1
0.68457,848.83,1
0.68457,848.83,1
0.68457,848.83,1
0.68457,848.83,1
0.68457,848.83,1
0.68457,848.83,1
0.68457,848.83,1
0.68457,848.83,1
