NaN,NaN,1
NaN,NaN,1
0.76953,1893.4,0
0.76953,1893.4,1
0.76953,1893.4,1
0.76953,1893.4,1
0.76953,1893.4,1
0.76953,1893.4,1
