NaN,NaN,1
NaN,NaN,1
NaN,NaN,1
0.39795,868.52,0
0.39795,868.52,1
0.39795,868.52,1
0.39795,868.52,1
