NaN,NaN,1
0.60596,3163.3,0
0.60596,3163.3,1
0.60596,3163.3,1
0.60596,3163.3,1
0.60596,3163.3,1
