NaN,NaN,1
0.054413,1154.1,0
0.054413,1154.1,1
0.054413,1154.1,1
0.054413,1154.1,1
