NaN,NaN,1
0.42554,12221,0
0.42554,12221,1
0.42554,12221,1
0.42554,12221,1
0.42554,12221,1
0.42554,12221,1
0.42554,12221,1
0.42554,12221,1
0.42554,12221,1
0.42554,12221,1
0.42554,12221,1
0.42554,12221,1
0.42554,12221,1
