NaN,NaN,1
0.81689,900.97,0
0.81689,900.97,1
0.81689,900.97,1
