NaN,NaN,1
0.75781,18122,0
0.75781,18122,1
