NaN,NaN,1
NaN,NaN,1
0.82178,233.59,0
0.82178,233.59,1
0.82178,233.59,1
0.82178,233.59,1
0.82178,233.59,1
0.82178,233.59,1
0.82178,233.59,1
0.82178,233.59,1
0.82178,233.59,1
0.82178,233.59,1
0.82178,233.59,1
0.82178,233.59,1
0.82178,233.59,1
0.82178,233.59,1
0.82178,233.59,1
0.82178,233.59,1
0.82178,233.59,1
0.82178,233.59,1
0.82178,233.59,1
0.82178,233.59,1
0.82178,233.59,1
0.82178,233.59,1
0.82178,233.59,1
0.82178,233.59,1
NaN,NaN,1
NaN,NaN,1
NaN,NaN,1
NaN,NaN,1
NaN,NaN,1
NaN,NaN,1
