NaN,NaN,1
NaN,NaN,1
0.61719,1893.4,0
0.61719,1893.4,1
0.73877,743.11,0
