NaN,NaN,1
NaN,NaN,1
NaN,NaN,1
NaN,NaN,1
NaN,NaN,1
NaN,NaN,1
NaN,NaN,1
0.54053,16765,0
0.54053,16765,1
0.54053,16765,1
0.54053,16765,1
0.54053,16765,1
0.54053,16765,1
0.4751,24185,0
0.4751,24185,1
0.4751,24185,1
