NaN,NaN,1
NaN,NaN,1
NaN,NaN,1
0.45972,148.35,0
0.45972,148.35,1
0.45972,148.35,1
0.45972,148.35,1
