NaN,NaN,1
0.41821,265.7,0
0.41821,265.7,1
0.41821,265.7,1
0.41821,265.7,1
0.41821,265.7,1
0.41821,265.7,1
