NaN,NaN,1
0.53027,4260.8,0
0.53027,4260.8,1
0.53027,4260.8,1
0.53027,4260.8,1
0.53027,4260.8,1
0.53027,4260.8,1
0.53027,4260.8,1
