NaN,NaN,1
0.44312,360.67,0
0.44312,360.67,1
0.44312,360.67,1
