NaN,NaN,1
0.25195,586.74,0
0.25195,586.74,1
0.25195,586.74,1
0.25195,586.74,1
0.25195,586.74,1
0.25195,586.74,1
0.25195,586.74,1
0.25195,586.74,1
0.25195,586.74,1
0.25195,586.74,1
0.25195,586.74,1
0.25195,586.74,1
0.25195,586.74,1
0.25195,586.74,1
0.25195,586.74,1
0.25195,586.74,1
0.25195,586.74,1
0.25195,586.74,1
0.25195,586.74,1
0.25195,586.74,1
