NaN,NaN,1
NaN,NaN,1
0.92871,4145.3,0
0.92871,4145.3,1
0.92871,4145.3,1
0.92871,4145.3,1
