NaN,NaN,1
0.31421,4440.2,0
0.31421,4440.2,1
0.31421,4440.2,1
0.31421,4440.2,1
0.31421,4440.2,1
0.31421,4440.2,1
