NaN,NaN,1
0.31177,178.86,0
0.31177,178.86,1
0.31177,178.86,1
