NaN,NaN,1
NaN,NaN,1
NaN,NaN,1
0.31445,1127.9,0
0.31445,1127.9,1
0.31445,1127.9,1
0.31445,1127.9,1
0.31445,1127.9,1
0.31445,1127.9,1
0.31445,1127.9,1
0.31445,1127.9,1
0.31445,1127.9,1
0.31445,1127.9,1
0.31445,1127.9,1
0.31445,1127.9,1
0.31445,1127.9,1
0.31445,1127.9,1
0.31445,1127.9,1
0.31445,1127.9,1
0.31445,1127.9,1
0.31445,1127.9,1
0.31445,1127.9,1
0.31445,1127.9,1
0.31445,1127.9,1
0.31445,1127.9,1
0.31445,1127.9,1
0.31445,1127.9,1
NaN,NaN,1
NaN,NaN,1
NaN,NaN,1
NaN,NaN,1
NaN,NaN,1
