NaN,NaN,1
0.85107,1964.1,0
0.85107,1964.1,1
0.85107,1964.1,1
0.85107,1964.1,1
