NaN,NaN,1
0.049835,584.05,0
0.049835,584.05,1
0.049835,584.05,1
