NaN,NaN,1
NaN,NaN,1
0.71094,349.26,0
0.71094,349.26,1
0.71094,349.26,1
