NaN,NaN,1
0.43408,1673,0
0.43408,1673,1
0.43408,1673,1
0.43408,1673,1
0.43408,1673,1
0.43408,1673,1
0.43408,1673,1
0.43408,1673,1
0.43408,1673,1
0.43408,1673,1
0.43408,1673,1
0.43408,1673,1
0.43408,1673,1
0.43408,1673,1
0.43408,1673,1
