NaN,NaN,1
0.52417,2325.8,0
0.52417,2325.8,1
0.52417,2325.8,1
0.52417,2325.8,1
0.52417,2325.8,1
0.52417,2325.8,1
0.52417,2325.8,1
0.52417,2325.8,1
0.52417,2325.8,1
0.52417,2325.8,1
0.52417,2325.8,1
0.52417,2325.8,1
0.52417,2325.8,1
0.52417,2325.8,1
0.52417,2325.8,1
0.52417,2325.8,1
0.52417,2325.8,1
0.75684,2757,0
0.75684,2757,1
0.75684,2757,1
