NaN,NaN,1
0.69189,442.44,0
0.69189,442.44,1
0.69189,442.44,1
0.69189,442.44,1
0.69189,442.44,1
0.69189,442.44,1
0.69189,442.44,1
0.69189,442.44,1
0.69189,442.44,1
0.69189,442.44,1
0.69189,442.44,1
0.69189,442.44,1
