NaN,NaN,1
NaN,NaN,1
0.79639,506.6,0
0.79639,506.6,1
0.79639,506.6,1
0.79639,506.6,1
0.79639,506.6,1
0.79639,506.6,1
0.79639,506.6,1
0.79639,506.6,1
0.79639,506.6,1
0.79639,506.6,1
0.79639,506.6,1
0.79639,506.6,1
