NaN,NaN,1
NaN,NaN,1
NaN,NaN,1
NaN,NaN,1
NaN,NaN,1
NaN,NaN,1
NaN,NaN,1
0.35156,214.53,0
0.35156,214.53,0
0.35156,214.53,1
0.35156,214.53,1
0.35156,214.53,1
0.35156,214.53,1
0.35156,214.53,1
0.35156,214.53,1
