NaN,NaN,1
0.064453,211.1,0
0.064453,211.1,1
0.064453,211.1,1
0.064453,211.1,1
0.064453,211.1,1
0.064453,211.1,1
0.064453,211.1,1
0.064453,211.1,1
0.064453,211.1,1
0.064453,211.1,1
0.064453,211.1,1
0.064453,211.1,1
0.064453,211.1,1
0.064453,211.1,1
0.064453,211.1,1
0.064453,211.1,1
0.064453,211.1,1
0.064453,211.1,1
0.064453,211.1,1
0.064453,211.1,1
