NaN,NaN,1
NaN,NaN,1
0.18591,2573.9,0
0.18591,2573.9,1
0.18591,2573.9,1
0.18591,2573.9,1
