NaN,NaN,1
0.62939,4821.9,0
0.62939,4821.9,1
0.62939,4821.9,1
0.62939,4821.9,1
0.62939,4821.9,1
0.62939,4821.9,1
0.62939,4821.9,1
0.62939,4821.9,1
0.62939,4821.9,1
0.62939,4821.9,1
0.62939,4821.9,1
0.62939,4821.9,1
0.62939,4821.9,1
0.62939,4821.9,1
0.62939,4821.9,1
0.62939,4821.9,1
0.62939,4821.9,1
0.6377,2284.8,0
