NaN,NaN,1
0.083252,119.19,0
0.083252,119.19,1
0.083252,119.19,1
0.083252,119.19,1
0.083252,119.19,1
0.083252,119.19,1
0.083252,119.19,1
