NaN,NaN,1
NaN,NaN,1
0.073364,592.15,0
0.073364,592.15,0
0.073364,592.15,1
0.073364,592.15,1
0.073364,592.15,1
0.073364,592.15,1
0.073364,592.15,1
0.073364,592.15,1
0.073364,592.15,1
0.073364,592.15,1
0.073364,592.15,1
0.073364,592.15,1
