NaN,NaN,1
0.38354,1438.2,0
0.38354,1438.2,1
0.38354,1438.2,1
0.38354,1438.2,1
0.38354,1438.2,1
0.38354,1438.2,1
0.38354,1438.2,1
0.38354,1438.2,1
0.38354,1438.2,1
0.38354,1438.2,1
0.38354,1438.2,1
0.38354,1438.2,1
0.38354,1438.2,1
