NaN,NaN,1
NaN,NaN,1
NaN,NaN,1
0.43481,2930.9,0
0.43481,2930.9,1
0.43481,2930.9,1
0.43481,2930.9,1
0.43481,2930.9,1
0.43481,2930.9,1
0.43481,2930.9,1
0.43481,2930.9,1
0.43481,2930.9,1
