NaN,NaN,1
NaN,NaN,1
NaN,NaN,1
NaN,NaN,1
NaN,NaN,1
0.39374,439.91,0
0.39374,439.91,1
0.39374,439.91,1
0.39374,439.91,1
0.39374,439.91,1
0.39374,439.91,1
0.39374,439.91,1
