NaN,NaN,1
0.056793,116.4,0
0.056793,116.4,1
0.056793,116.4,1
