NaN,NaN,1
0.43433,537.75,0
0.43433,537.75,1
0.43433,537.75,1
0.43433,537.75,1
0.43433,537.75,1
0.43433,537.75,1
0.43433,537.75,1
0.43433,537.75,1
0.43433,537.75,1
0.43433,537.75,1
0.43433,537.75,1
0.43433,537.75,1
0.43433,537.75,1
0.43433,537.75,1
0.43433,537.75,1
0.43433,537.75,1
0.43433,537.75,1
