NaN,NaN,1
NaN,NaN,1
NaN,NaN,1
NaN,NaN,1
0.05899,186,0
0.05899,186,1
0.05899,186,1
0.05899,186,1
0.05899,186,1
0.05899,186,1
0.05899,186,1
0.05899,186,1
0.05899,186,1
0.05899,186,1
