NaN,NaN,1
0.90186,5686.5,0
0.90186,5686.5,1
0.90186,5686.5,1
0.90186,5686.5,1
0.90186,5686.5,1
0.90186,5686.5,1
0.90186,5686.5,1
0.90186,5686.5,1
0.90186,5686.5,1
0.90186,5686.5,1
