NaN,NaN,1
0.42725,1038.6,0
0.42725,1038.6,1
0.42725,1038.6,1
