NaN,NaN,1
0.79004,1077.4,0
0.79004,1077.4,1
0.79004,1077.4,1
0.79004,1077.4,1
0.79004,1077.4,1
0.79004,1077.4,1
0.79004,1077.4,1
