NaN,NaN,1
0.10809,155.76,0
0.10809,155.76,1
0.10809,155.76,1
0.10809,155.76,1
0.10809,155.76,1
0.10809,155.76,1
0.10809,155.76,1
0.10809,155.76,1
0.10809,155.76,1
0.10809,155.76,1
0.10809,155.76,1
0.10809,155.76,1
0.10809,155.76,1
