NaN,NaN,1
NaN,NaN,1
NaN,NaN,1
NaN,NaN,1
NaN,NaN,1
0.57568,335.85,0
0.57568,335.85,1
0.57568,335.85,1
0.57568,335.85,1
