NaN,NaN,1
NaN,NaN,1
NaN,NaN,1
NaN,NaN,1
NaN,NaN,1
NaN,NaN,1
NaN,NaN,1
0.18567,14086,0
0.18567,14086,1
0.18567,14086,1
0.18567,14086,1
0.18567,14086,1
0.18567,14086,1
0.18567,14086,1
0.18567,14086,1
0.18567,14086,1
0.18567,14086,1
