NaN,NaN,1
0.78711,671.78,0
0.78711,671.78,1
0.78711,671.78,1
