NaN,NaN,1
0.098267,214.04,0
0.098267,214.04,1
0.098267,214.04,1
0.098267,214.04,1
0.098267,214.04,1
0.098267,214.04,1
0.098267,214.04,1
0.098267,214.04,1
0.098267,214.04,1
0.098267,214.04,1
