NaN,NaN,1
NaN,NaN,1
0.22607,142.7,0
0.22607,142.7,1
0.22607,142.7,1
0.22607,142.7,1
