NaN,NaN,1
NaN,NaN,1
0.47363,1010.4,0
0.47363,1010.4,1
0.47363,1010.4,1
0.47363,1010.4,1
0.47363,1010.4,1
0.47363,1010.4,1
0.47363,1010.4,1
0.47363,1010.4,1
0.47363,1010.4,1
0.47363,1010.4,1
0.47363,1010.4,1
0.47363,1010.4,1
0.47363,1010.4,1
