NaN,NaN,1
0.45044,10363,0
0.45044,10363,1
0.45044,10363,1
0.45044,10363,1
0.45044,10363,1
0.45044,10363,1
