NaN,NaN,1
0.34375,706.55,0
0.34375,706.55,1
