NaN,NaN,1
NaN,NaN,1
0.75049,2744.4,0
0.75049,2744.4,1
0.75049,2744.4,1
0.75049,2744.4,1
0.75049,2744.4,1
0.75049,2744.4,1
0.75049,2744.4,1
