NaN,NaN,1
NaN,NaN,1
0.55713,763.85,0
0.55713,763.85,1
0.55713,763.85,1
