NaN,NaN,1
0.29272,241.24,0
0.29272,241.24,1
0.29272,241.24,1
0.29272,241.24,1
0.29272,241.24,1
