NaN,NaN,1
NaN,NaN,1
0.57471,1241.9,0
0.57471,1241.9,1
0.57471,1241.9,1
0.57471,1241.9,1
