NaN,NaN,1
0.53174,2621.5,0
0.53174,2621.5,0
0.53174,2621.5,1
