NaN,NaN,1
NaN,NaN,1
0.61621,405.48,0
0.61621,405.48,1
0.61621,405.48,1
0.61621,405.48,1
