NaN,NaN,1
0.63574,15580,0
0.63574,15580,1
0.63574,15580,1
0.63574,15580,1
0.63574,15580,1
0.63574,15580,1
0.63574,15580,1
0.63574,15580,1
0.63574,15580,1
0.63574,15580,1
