NaN,NaN,1
NaN,NaN,1
0.71924,1833.6,0
0.71924,1833.6,1
0.71924,1833.6,1
0.71924,1833.6,1
0.71924,1833.6,1
0.71924,1833.6,1
0.71924,1833.6,1
0.71924,1833.6,1
