NaN,NaN,1
NaN,NaN,1
0.76025,1202.7,0
0.76025,1202.7,1
0.76025,1202.7,1
0.76025,1202.7,1
0.76025,1202.7,1
0.76025,1202.7,1
