NaN,NaN,1
0.085205,736.33,0
0.085205,736.33,1
0.085205,736.33,1
