NaN,NaN,1
0.61768,896.85,0
0.61768,896.85,1
0.61768,896.85,1
0.61768,896.85,1
0.61768,896.85,1
0.61768,896.85,1
0.61768,896.85,1
0.61768,896.85,1
0.61768,896.85,1
