NaN,NaN,1
0.42334,192.54,0
0.42334,192.54,1
0.42334,192.54,1
0.42334,192.54,1
0.42334,192.54,1
0.42334,192.54,1
0.42334,192.54,1
0.42334,192.54,1
0.42334,192.54,1
0.42334,192.54,1
0.42334,192.54,1
0.42334,192.54,1
0.42334,192.54,1
0.42334,192.54,1
0.42334,192.54,1
0.42334,192.54,1
0.42334,192.54,1
0.42334,192.54,1
0.42334,192.54,1
0.42334,192.54,1
0.42334,192.54,1
0.42334,192.54,1
0.42334,192.54,1
0.42334,192.54,1
NaN,NaN,1
NaN,NaN,1
NaN,NaN,1
