NaN,NaN,1
NaN,NaN,1
0.57666,2782.4,0
0.57666,2782.4,1
0.57666,2782.4,1
0.57666,2782.4,1
0.57666,2782.4,1
0.57666,2782.4,1
0.57666,2782.4,1
0.57666,2782.4,1
0.57666,2782.4,1
0.57666,2782.4,1
0.57666,2782.4,1
0.57666,2782.4,1
0.57666,2782.4,1
0.57666,2782.4,1
0.57666,2782.4,1
0.57666,2782.4,1
0.57666,2782.4,1
0.57666,2782.4,1
0.57666,2782.4,1
0.57666,2782.4,1
0.57666,2782.4,1
0.57666,2782.4,1
0.57666,2782.4,1
