NaN,NaN,1
NaN,NaN,1
NaN,NaN,1
0.45166,317.86,0
0.45166,317.86,1
0.45166,317.86,1
0.58887,482.52,0
0.58887,482.52,1
0.58887,482.52,1
