NaN,NaN,1
0.60986,4460.6,0
0.60986,4460.6,1
0.60986,4460.6,1
0.60986,4460.6,1
0.60986,4460.6,1
0.60986,4460.6,1
0.60986,4460.6,1
0.60986,4460.6,1
0.60986,4460.6,1
