NaN,NaN,1
NaN,NaN,1
NaN,NaN,1
0.28979,2515.6,0
0.28979,2515.6,1
0.28979,2515.6,1
0.28979,2515.6,1
0.28979,2515.6,1
0.28979,2515.6,1
0.28979,2515.6,1
0.28979,2515.6,1
0.28979,2515.6,1
0.28979,2515.6,1
0.28979,2515.6,1
0.28979,2515.6,1
0.28979,2515.6,1
0.28979,2515.6,1
0.28979,2515.6,1
0.28979,2515.6,1
0.28979,2515.6,1
0.28979,2515.6,1
0.28979,2515.6,1
0.28979,2515.6,1
