NaN,NaN,1
0.25781,1808.6,0
0.25781,1808.6,1
