NaN,NaN,1
NaN,NaN,1
0.82568,9241.7,0
0.82568,9241.7,1
0.76123,8827.9,0
0.76123,8827.9,1
