NaN,NaN,1
NaN,NaN,1
NaN,NaN,1
0.23083,1015.1,0
0.23083,1015.1,1
0.083588,822.94,0
0.083588,822.94,1
