NaN,NaN,1
0.54102,16688,0
0.54102,16688,1
0.54102,16688,1
0.54102,16688,1
