NaN,NaN,1
0.58936,2263.9,0
0.58936,2263.9,1
0.58936,2263.9,1
0.58936,2263.9,1
0.58936,2263.9,1
0.58936,2263.9,1
0.58936,2263.9,1
0.58936,2263.9,1
0.58936,2263.9,1
0.58936,2263.9,1
0.58936,2263.9,1
0.58936,2263.9,1
0.58936,2263.9,1
0.58936,2263.9,1
0.58936,2263.9,1
0.58936,2263.9,1
0.58936,2263.9,1
0.58936,2263.9,1
0.58936,2263.9,1
0.58936,2263.9,1
0.58936,2263.9,1
