NaN,NaN,1
0.79102,3834.6,0
0.79102,3834.6,1
0.79102,3834.6,1
0.79102,3834.6,1
