NaN,NaN,1
0.42529,320.8,0
0.42529,320.8,1
0.42529,320.8,1
