NaN,NaN,1
0.85156,183.87,0
0.85156,183.87,1
0.85156,183.87,1
