NaN,NaN,1
0.60791,12971,0
0.60791,12971,1
0.60791,12971,1
0.60791,12971,1
0.60791,12971,1
0.60791,12971,1
0.60791,12971,1
0.60791,12971,1
0.60791,12971,1
0.60791,12971,1
0.60791,12971,1
0.60791,12971,1
