NaN,NaN,1
0.61816,1048.2,0
0.61816,1048.2,1
