NaN,NaN,1
NaN,NaN,1
0.31152,774.43,0
0.31152,774.43,1
0.31152,774.43,1
0.31152,774.43,1
