NaN,NaN,1
NaN,NaN,1
0.35669,777.99,0
0.35669,777.99,1
