NaN,NaN,1
NaN,NaN,1
0.36377,513.63,0
0.36377,513.63,1
0.36377,513.63,1
0.36377,513.63,1
0.36377,513.63,1
0.36377,513.63,1
0.36377,513.63,1
0.36377,513.63,1
0.36377,513.63,1
0.36377,513.63,1
0.36377,513.63,1
0.36377,513.63,1
0.36377,513.63,1
0.36377,513.63,1
0.36377,513.63,1
0.36377,513.63,1
0.36377,513.63,1
0.36377,513.63,1
0.36377,513.63,1
0.36377,513.63,1
0.36377,513.63,1
0.36377,513.63,1
0.36377,513.63,1
0.36377,513.63,1
