NaN,NaN,1
0.78809,2142.8,0
0.78809,2142.8,1
0.78809,2142.8,1
