NaN,NaN,1
NaN,NaN,1
0.21509,151.86,0
0.21509,151.86,1
