NaN,NaN,1
0.092957,1276.6,0
0.092957,1276.6,1
0.092957,1276.6,1
0.092957,1276.6,1
0.092957,1276.6,1
0.092957,1276.6,1
