NaN,NaN,1
0.73438,3563.6,0
0.73438,3563.6,1
