NaN,NaN,1
0.34357,7484.5,0
0.34357,7484.5,1
0.34357,7484.5,1
0.34357,7484.5,1
0.34357,7484.5,1
0.34357,7484.5,1
0.34357,7484.5,1
