NaN,NaN,1
NaN,NaN,1
NaN,NaN,1
NaN,NaN,1
0.63379,3956.5,0
0.63379,3956.5,1
