NaN,NaN,1
NaN,NaN,1
NaN,NaN,1
NaN,NaN,1
NaN,NaN,1
NaN,NaN,1
NaN,NaN,1
NaN,NaN,1
NaN,NaN,1
NaN,NaN,1
NaN,NaN,1
NaN,NaN,1
NaN,NaN,1
NaN,NaN,1
NaN,NaN,1
0.35107,1598.1,0
0.35107,1598.1,1
0.35107,1598.1,1
0.35107,1598.1,1
0.35107,1598.1,1
0.35107,1598.1,1
0.35107,1598.1,1
