NaN,NaN,1
NaN,NaN,1
NaN,NaN,1
NaN,NaN,1
NaN,NaN,1
NaN,NaN,1
0.85498,1399.1,0
0.85498,1399.1,1
0.70801,2222.8,0
