NaN,NaN,1
0.70117,1665.4,0
0.70117,1665.4,1
0.70117,1665.4,1
