NaN,NaN,1
0.62615,1127.5,0
0.62615,1127.5,1
0.62615,1127.5,1
0.62615,1127.5,1
0.62615,1127.5,1
0.62615,1127.5,1
0.62615,1127.5,1
0.62615,1127.5,1
0.62615,1127.5,1
