NaN,NaN,1
0.23889,1833.6,0
0.23889,1833.6,1
0.23889,1833.6,1
0.23889,1833.6,1
0.23889,1833.6,1
